"","Site_ID","Site_Name","Conc_Name","Month","Season","Year","CH4_uM","CO2_uM","N2O_uM","Tw","Cond_uScm","pH","DO_mgL","Chla_ugL","Salinity_PSU","TSS_mgL","NO3_uM","NH4_uM","TN_uM","SRP_uM","TP_uM","DOC_uM","POC_uM","DIC_uM","SUVA254","Ageof14CO2_yrBP","Ageof14CH4_yrBP","Diff_CH4_mmolm2d","Eb_CH4_mmolm2d","Storf_CH4","IBSf_CH4","Total_CH4_mmolm2d","Diff_CO2_mmolm2d","Eb_CO2_mmolm2d","CO2_mmolm2d","N2O_mmolm2d","Lake_name","Hylak_id","WaterType","Region","Country","Cryozone","Ecozone","Latitude","Longitude","Elevation_m","Surface_area_km2","Depth_max_m","Depth_mean_m","Trophic_status","Icefree_days_peryr","MAT","MAP","sizeclass2","sizeclass10","sizeclass5","depthclass","depthclass10","ikt"
"1",15009,"KWK11","KWK11","August","Summer","2015",0.13,42,NA,14.9,NA,NA,NA,24,NA,8.3,NA,NA,NA,0.0483870967741935,3.87096774193548,2250,NA,NA,NA,NA,NA,0.47,0.016,NA,NA,0.486,20.2,0.006,20.206,NA,"KWK11",NA,"TKP","Quebec","Canada","S",NA,55.33025,-77.50336667,110,0.00041,1.6,NA,NA,150,-3.70833337306976,641,"medium_pond","small_pond","small_pond","depth_1_5","depth_1_5",0.452577528062314
"2",15012,"BGR2","BGR2","August","Summer","2012",0.5,20,NA,16,NA,NA,NA,0.9,NA,5.9,NA,NA,NA,0.106451612903226,1.29032258064516,833.333333333333,NA,NA,NA,NA,NA,0.45,0.26,NA,NA,0.71,8.1,0.01,8.11,NA,"BGR2",NA,"TKP","Quebec","Canada","D",NA,56.61053333,-76.21561667,240,0.00066,1.5,NA,NA,136,-4.0583333770434,584,"medium_pond","small_pond","medium_pond","depth_1_5","depth_1_5",0.605837492349245
"3",15015,"NASh","NASh","August","Summer","2012",0.19,30,NA,15.1,NA,NA,NA,3.6,NA,18,NA,NA,42.8571428571429,0.2,0.967741935483871,341.666666666667,NA,NA,NA,NA,NA,0.12,0,NA,NA,0.12,3.4,0,3.4,NA,"NASh",NA,"TKP","Quebec","Canada","D",NA,56.92406667,-76.37733333,122,0.00187,3.6,NA,NA,138,-3.92499993244807,569,"medium_pond","medium_pond","medium_pond","depth_1_5","depth_1_5",0.48052998011535
"4",15016,"Subarctic melt ponds",NA,"July","Summer","2013",NA,NA,NA,NA,NA,NA,NA,NA,NA,NA,NA,NA,NA,NA,NA,NA,NA,NA,NA,NA,NA,43.2,0,NA,NA,43.2,492.48,NA,492.48,NA,"Subarctic melt ponds",NA,"TKP","NWT","Canada","C","Tundra",68.31546389,-133.4315306,110,NA,0.9,NA,NA,153,-8.7416665876905,236,NA,NA,NA,"depth_1","depth_1",NA
"5",15017,"Arctic melt ponds",NA,"July","Summer","2013",NA,NA,NA,NA,NA,NA,NA,NA,NA,NA,NA,NA,NA,NA,NA,NA,NA,NA,NA,NA,NA,25.92,0,NA,NA,25.92,336.96,NA,336.96,NA,"Arctic melt ponds",NA,"TKP","NWT","Canada","C","Tundra",69.36613333,-133.0350806,13,NA,0.9,NA,NA,153,-10.0166666110357,161,NA,NA,NA,"depth_1","depth_1",NA
"6",15018,"Big Sky_ A31","Big Sky_ A31","April","Winter","2011",NA,NA,NA,0.7,NA,7,NA,NA,NA,NA,NA,NA,NA,NA,NA,NA,NA,NA,NA,NA,NA,NA,0,NA,NA,NA,NA,8.70776732845698e-05,NA,NA,"Big Sky_ A31",256194,"TKL","Alaska","USA","C","Tundra",69.581,-148.639,145,0.349,2.2,5.5,"Oligotrophic",104,-10.4333334167798,181,"medium_lake","small_lake","small_lake","depth_1_5","depth_1_5",-1.63640511062379
"8",15019,"Dragon's Pond_ A33","Dragon's Pond_ A33","July","Summer","2009-2012",NA,NA,NA,18.4,NA,7.7,NA,4.7,NA,NA,NA,NA,228.571428571429,0.190322580645161,NA,1273.5,NA,NA,NA,NA,NA,1.92307692307692,3,0.14367816091954,NA,4.44711538461538,8.08566433566434,0.0122377622377622,8.10751748251748,NA,"Dragon's Pond_ A33",NA,"TKL","Alaska","USA","C","Tundra",68.795,-148.843,463,0.01,1.5,NA,"Oligotrophic",104,-9.41666668156782,217,"pond","pond","pond","depth_1_5","depth_1_5",0.936208638763659
"12",15021,"NE2","NE2","April","Winter","2011",NA,NA,NA,0.4,NA,6.6,NA,NA,NA,NA,NA,NA,NA,NA,NA,NA,NA,NA,NA,NA,NA,NA,0.119731800766284,NA,NA,NA,NA,0.000783699059561128,NA,NA,"NE2",NA,"TKL","Alaska","USA","C","Tundra",68.646539,-149.582471,726,0.067,2.7,NA,"Oligotrophic",104,-9.61666661997636,239,"small_lake","pond","small_lake","depth_1_5","depth_1_5",-1.68287791723331
"14",15022,"E6","E6","July","Summer","2009-2012",NA,NA,NA,15.8,NA,7.7,NA,5.9,NA,NA,NA,NA,NA,0.0354838709677419,NA,NA,NA,NA,NA,NA,NA,0.600961538461539,8.8,0.454980842911877,NA,7.99278846153846,7.86713286713287,0.0334353146853147,7.91083916083916,NA,"E6",NA,"TKL","Alaska","USA","C","Tundra",68.643303,-149.440454,796,0.027,2.6,NA,"Oligotrophic",104,-9.86666662494341,236,"small_lake","pond","pond","depth_1_5","depth_1_5",0.578058837525134
"16",15023,"E5 Oil Spill A30","E5 Oil Spill A30","July","Summer","2009-2012",NA,NA,NA,10.8,NA,7.1,NA,13.5,NA,NA,NA,NA,14.2857142857143,0.0580645161290323,NA,NA,NA,NA,NA,NA,NA,0.540865384615385,0.4,0.0239463601532567,NA,0.841346153846154,9.61538461538462,0.00131118881118881,9.68094405594405,NA,"E5 Oil Spill A30",290317,"TKL","Alaska","USA","C","Tundra",68.642,-149.458,818,0.116,11.9,5.9,"Oligotrophic",104,-9.86666650573412,238,"small_lake","small_lake","small_lake","depth_5_15","depth_10",-0.129125353564127
"18",15024,"Toolik A28","Toolik A28","April","Winter","2011",NA,NA,NA,2.2,NA,6.9,NA,NA,NA,NA,NA,NA,NA,NA,NA,NA,NA,NA,NA,NA,NA,NA,0.0239463601532567,NA,NA,NA,NA,0.00017415534656914,NA,NA,"Toolik A28",27897,"TKL","Alaska","USA","C","Tundra",68.632,-149.605,727,1.449,24.1,6.6,"Ultraoligotrophic",104,-9.52500005314748,237,"medium_lake","medium_lake","medium_lake","depth_15","depth_10",-1.40556007252624
"20",15025,"E1","E1","April","Winter","2011",NA,NA,NA,2.4,NA,7,NA,NA,NA,NA,NA,NA,NA,NA,NA,NA,NA,NA,NA,NA,NA,NA,0.21551724137931,NA,NA,NA,NA,0.00139324277255312,NA,NA,"E1",NA,"TKL","Alaska","USA","C","Tundra",68.626,-149.555,788,0.026,6.4,NA,"Ultraoligotrophic",104,-9.70000009114544,239,"small_lake","pond","pond","depth_5_15","depth_5_10",-1.37497062660208
"22",15026,"Autumn_ A35","Autumn_ A35","July","Summer","2009-2012",NA,NA,NA,13.5,NA,8.2,NA,2.9,NA,NA,NA,NA,28.5714285714286,0.0903225806451613,NA,274.5,NA,NA,NA,NA,NA,0.600961538461539,6.9,0.359195402298851,NA,6.43028846153846,40.6468531468532,0.0343094405594406,40.7561188811189,NA,"Autumn_ A35",NA,"TKL","Alaska","USA","C","Tundra",68.462,-149.393,845,0.057,7.5,NA,"Ultraoligotrophic",104,-9.34999982391794,262,"small_lake","pond","small_lake","depth_5_15","depth_5_10",0.255818204392369
"24",15027,"Julieta_ A27","Julieta_ A27","July","Summer","2009-2012",NA,NA,NA,14.3,NA,8.5,NA,3.4,NA,NA,NA,NA,21.4285714285714,0.116129032258065,NA,53.25,NA,NA,NA,NA,NA,1.14182692307692,7.5,0.383141762452107,0,7.39182692307692,59.0034965034965,0.027972027972028,58.9597902097902,NA,"Julieta_ A27",NA,"TKL","Alaska","USA","C","Tundra",68.447,-149.369,901,0.051,7,NA,"Ultraoligotrophic",104,-9.36666660383344,255,"small_lake","pond","small_lake","depth_5_15","depth_5_10",0.368486789106491
"26",15028,"El Fuego_ A36","El Fuego_ A36","July","Summer","2009-2011",NA,NA,NA,15.7,NA,8.8,NA,1.2,NA,NA,NA,NA,28.5714285714286,NA,NA,NA,NA,NA,NA,NA,NA,NA,10.2,0.526819923371648,NA,8.71394230769231,NA,0.0395541958041958,0.0437062937062937,NA,"El Fuego_ A36",NA,"TKL","Alaska","USA","C","Tundra",67.666,-149.716,668,0.057,2.5,NA,"Ultraoligotrophic",104,-6.69166652361552,274,"small_lake","pond","small_lake","depth_1_5","depth_1_5",0.56415508463887
"28",15029,"Jonas_ A26","Jonas_ A26","April","Winter","2011",NA,NA,NA,-0.2,NA,8.2,NA,NA,NA,NA,NA,NA,NA,NA,NA,NA,NA,NA,NA,NA,NA,NA,0.311302681992337,NA,NA,NA,NA,0.00200278648554511,NA,NA,"Jonas_ A26",326498,"TKL","Alaska","USA","C","Tundra",67.647,-149.722,621,0.17,4.2,5.6,"Ultraoligotrophic",104,-6.60000002384187,285,"small_lake","small_lake","small_lake","depth_1_5","depth_1_5",-1.77613000069192
"30",15030,"Augustine Zoli_ A25","Augustine Zoli_ A25","July","Summer","2009-2012",NA,NA,NA,17.3,NA,8.7,NA,10.1,NA,NA,NA,NA,64.2857142857143,0.316129032258064,NA,331.5,NA,NA,NA,NA,NA,2.70432692307692,9.3,0.550766283524904,NA,10.6370192307692,32.3426573426573,0.0375874125874126,32.4519230769231,NA,"Augustine Zoli_ A25",NA,"TKL","Alaska","USA","C","Tundra",67.138,-150.349,389,0.069,3,NA,"Oligotrophic",104,-5.24999992052713,310,"small_lake","pond","small_lake","depth_1_5","depth_1_5",0.785466258141206
"32",15031,"Ping_","Ping_","April","Winter","2011",NA,NA,NA,0.1,NA,5.9,NA,NA,NA,NA,NA,NA,NA,NA,NA,NA,NA,NA,NA,NA,NA,NA,0.239463601532567,NA,NA,NA,NA,0.00156739811912226,NA,NA,"Ping_",353645,"TKL","Alaska","USA","C","Tundra",67.136,-150.37,347,0.102,1.4,5.1,"Ultraoligotrophic",104,-5.17499991257986,309,"small_lake","small_lake","small_lake","depth_1_5","depth_1_5",-1.72945276843189
"34",15032,"Grayling A24","Grayling A24","April","Winter","2011",NA,NA,NA,0.4,NA,6.3,NA,NA,NA,NA,NA,NA,NA,NA,NA,NA,NA,NA,NA,NA,NA,NA,0.116822429906542,NA,NA,NA,NA,0.000743415463041631,NA,NA,"Grayling A24",363212,"TKL","Alaska","USA","C","Tundra",66.954,-150.393,576,0.401,1.8,10.8,"Oligotrophic",151,-5.21666677792867,331,"medium_lake","small_lake","small_lake","depth_1_5","depth_1_5",-1.68287791723331
"38",15034,"Vault_","Vault_","April","Winter","2011",NA,NA,NA,0.3,NA,7.7,NA,NA,NA,NA,NA,NA,NA,NA,NA,NA,NA,NA,NA,NA,NA,NA,1.43107476635514,NA,NA,NA,NA,0.0105140186915888,NA,NA,"Vault_",NA,"TKP","Alaska","USA","D","Boreal forest",65.029,-147.699,271,0.003,4.6,NA,"Mixotrophic",151,-3.12499997019769,311,"pond","medium_pond","medium_pond","depth_1_5","depth_1_5",-1.69839151275962
"40",15035,"Goldstream_","Goldstream_","July","Summer","2009-2012",NA,NA,NA,9.3,NA,7.9,NA,31,NA,NA,NA,NA,214.285714285714,0.312903225806452,NA,3397.5,NA,NA,NA,NA,NA,2.48344370860927,13.4,0.671728971962617,0.554906542056075,12.5413907284768,238.109572546659,0.0392835641180012,238.260084286574,NA,"Goldstream_",NA,"TKL","Alaska","USA","D","Boreal forest",64.916,-147.847,250,0.01,3.3,NA,"Mixotrophic",151,-2.56666676203409,301,"pond","pond","pond","depth_1_5","depth_1_5",-0.346162923415683
"44",15037,"Killarney_","Killarney_","March","Winter","2011",NA,NA,NA,0.6,NA,7,NA,NA,NA,NA,NA,NA,NA,NA,NA,NA,NA,NA,NA,NA,NA,NA,1.19742990654206,NA,NA,NA,NA,0.00743415463041631,NA,NA,"Killarney_",NA,"TKP","Alaska","USA","D","Boreal forest",64.87,-147.901,190,0.008,2.1,NA,"Mixotrophic",151,-2.72500021258991,298,"pond","medium_pond","pond","depth_1_5","depth_1_5",-1.65188472858182
"46",15038,"Smith A13a","Smith A13a","March","Winter","2011",NA,NA,NA,0.5,NA,6.5,NA,NA,NA,NA,NA,NA,NA,NA,NA,NA,NA,NA,NA,NA,NA,NA,0.0876168224299065,NA,NA,NA,NA,0.000637213254035684,NA,NA,"Smith A13a",NA,"TKL","Alaska","USA","D","Boreal forest",64.865,-147.868,173,0.094,4.4,NA,"Mixotrophic",151,-2.74166650076708,299,"small_lake","pond","small_lake","depth_1_5","depth_1_5",-1.66737565998254
"48",15039,"Stevens Pond_","Stevens Pond_","July","Summer","2011-2012",NA,NA,NA,17.6,NA,8.4,NA,43.7,NA,NA,NA,NA,NA,NA,NA,NA,NA,NA,NA,NA,NA,1.28311258278146,55,2.36565420560748,NA,32.6986754966887,21.6736905478627,0.149157134256472,21.8091511137869,NA,"Stevens Pond_",NA,"TKP","Alaska","USA","D","Boreal forest",64.863,-147.871,169,0.002,1.1,NA,"Mixotrophic",151,-2.74166650076708,299,"pond","medium_pond","medium_pond","depth_1_5","depth_1_5",0.826690935140014
"50",15040,"Duece A2","Duece A2","March","Winter","2011",NA,NA,NA,0.9,NA,7.2,NA,NA,NA,NA,NA,NA,NA,NA,NA,NA,NA,NA,NA,NA,NA,NA,1.22663551401869,NA,NA,NA,NA,0.00923959218351742,NA,NA,"Duece A2",NA,"TKL","Alaska","USA","D","Boreal forest",64.863,-147.942,202,0.023,6,NA,"Mixotrophic",151,-2.62500015894572,297,"small_lake","pond","pond","depth_5_15","depth_5_10",-1.60547976549692
"52",15041,"Ace A1","Ace A1","March","Winter","2011",NA,NA,NA,2.9,NA,7.1,NA,NA,NA,NA,NA,NA,NA,NA,NA,NA,NA,NA,NA,NA,NA,NA,0.788551401869159,NA,NA,NA,NA,0.00626593033135089,NA,NA,"Ace A1",NA,"TKL","Alaska","USA","D","Boreal forest",64.862,-147.937,195,0.077,9,NA,"Mixotrophic",151,-2.65833330154418,299,"small_lake","pond","small_lake","depth_5_15","depth_5_10",-1.29869093148147
"54",15042,"Rosie Creek_","Rosie Creek_","March","Winter","2011",NA,NA,NA,0,NA,7.1,NA,NA,NA,NA,NA,NA,NA,NA,NA,NA,NA,NA,NA,NA,NA,NA,5.08177570093458,NA,NA,NA,NA,0.0429056924384027,NA,NA,"Rosie Creek_",NA,"TKP","Alaska","USA","D","Boreal forest",64.77,-148.079,176,0.004,3.7,NA,"Mixotrophic",151,-2.75000020861626,295,"pond","medium_pond","medium_pond","depth_1_5","depth_1_5",-1.74500045351991
"56",15043,"Monasta A37a","Monasta A37a","June","Summer","2011",NA,NA,NA,8.8,NA,6.3,NA,NA,NA,NA,NA,NA,157.142857142857,0.803225806451613,NA,4410,NA,NA,NA,NA,NA,NA,4.1,0.204439252336449,NA,2.11092715231788,NA,0.0114388922335942,0.0150511739915713,NA,"Monasta A37a",NA,"TKP","Alaska","USA","D","Boreal forest",64.741,-148.276,203,0.005,5.6,NA,"Mixotrophic",151,-2.71666657924654,296,"pond","medium_pond","pond","depth_5_15","depth_5_10",-0.419021962204297
"58",15044,"91 Lake_","91 Lake_","June","Summer","2011-2012",NA,NA,NA,15.3,NA,8.2,NA,NA,NA,NA,NA,NA,NA,NA,NA,NA,NA,NA,NA,NA,NA,1.10576923076923,1.5,0.0531914893617021,NA,2.01923076923077,105.594405594406,0.00506993006993007,105.629370629371,NA,"91 Lake_",NA,"TKL","Alaska","USA","S","Boreal forest",63.848,-148.973,573,0.066,0.5,NA,"Oligotrophic",130,-2.49166671435039,383,"small_lake","pond","small_lake","depth_1","depth_1",0.508443669884365
"60",15045,"Otto","Otto","December-March","Winter","2010-2011",NA,NA,NA,1.6,NA,7.1,NA,NA,NA,NA,NA,NA,NA,NA,NA,NA,NA,NA,NA,NA,NA,NA,0.0531914893617021,NA,NA,NA,NA,0.000386847195357834,NA,NA,"Otto",501229,"TKL","Alaska","USA","S","Tundra",63.842,-149.037,632,0.515,3.1,5.5,"Oligotrophic",130,-2.8249997695287,389,"medium_lake","small_lake","medium_lake","depth_1_5","depth_1_5",-1.49759561564982
"64",15047,"Nutella_ A39","Nutella_ A39","June","Summer","2011-2012",NA,NA,NA,10.2,NA,7.2,NA,13.6,NA,NA,NA,NA,21.4285714285714,0.106451612903226,NA,NA,NA,NA,NA,NA,NA,0.528846153846154,0.1,0,NA,0.625,NA,0.00034965034965035,0.00034965034965035,NA,"Nutella_ A39",NA,"TKL","Alaska","USA","S","Tundra",63.215,-147.678,982,0.02,9.4,NA,"Oligotrophic",130,-4.05833345651627,349,"small_lake","pond","pond","depth_5_15","depth_5_10",-0.215664632342424
"66",15048,"Swampbuggy A18","Swampbuggy A18","June","Summer","2012",NA,NA,NA,13.7,NA,7.3,NA,7.9,NA,NA,NA,NA,21.4285714285714,0.151612903225806,NA,NA,NA,NA,NA,NA,NA,0.384615384615385,3.2,0.106382978723404,NA,2.30769230769231,NA,0.00979020979020979,0.0174825174825175,NA,"Swampbuggy A18",530978,"TKL","Alaska","USA","S","Tundra",63.055,-147.421,849,0.142,4.9,4.8,"Oligotrophic",130,-3.60833336909612,343,"small_lake","small_lake","small_lake","depth_1_5","depth_1_5",0.284044267383543
"68",15049,"Montana A40","Montana A40","March","Winter","2011",NA,NA,NA,0.8,NA,6.1,NA,NA,NA,NA,NA,NA,NA,NA,NA,NA,NA,NA,NA,NA,NA,NA,0.0718390804597701,NA,NA,NA,NA,0.000522466039707419,NA,NA,"Montana A40",565181,"TKL","Alaska","USA","S","Boreal forest",62.143,-150.048,106,0.3,9,3.8,"Oligotrophic",191,0.941666677594195,699,"medium_lake","small_lake","small_lake","depth_5_15","depth_5_10",-1.62093679371921
"70",15050,"Rainbow Shore_ A41","Rainbow Shore_ A41","March","Winter","2011",NA,NA,NA,0.9,NA,6.5,NA,NA,NA,NA,NA,NA,NA,NA,NA,NA,NA,NA,NA,NA,NA,NA,0.0718390804597701,NA,NA,NA,NA,0.000522466039707419,NA,NA,"Rainbow Shore_ A41",582255,"TKL","Alaska","USA","S","Boreal forest",61.694,-150.089,77,0.575,11.5,6.1,"Mesotrophic",191,0.799999944865712,736,"medium_lake","small_lake","medium_lake","depth_5_15","depth_10",-1.60547976549692
"72",15051,"Big Merganser A49","Big Merganser A49","March","Winter","2011",NA,NA,NA,2.9,NA,6.4,NA,NA,NA,NA,NA,NA,NA,NA,NA,NA,NA,NA,NA,NA,NA,NA,0,NA,NA,NA,NA,0.000130616509926855,NA,NA,"Big Merganser A49",618854,"TKL","Alaska","USA","S","Boreal forest",60.726,-150.644,55,0.21,24.2,3.7,"Oligotrophic",191,2.15833330154419,798,"medium_lake","small_lake","small_lake","depth_15","depth_10",-1.29869093148147
"74",15052,"Rainbow A48","Rainbow A48","March","Winter","2011",NA,NA,NA,1.7,NA,7,NA,NA,NA,NA,NA,NA,NA,NA,NA,NA,NA,NA,NA,NA,NA,NA,0.28735632183908,NA,NA,NA,NA,0.00208986415882968,NA,NA,"Rainbow A48",619157,"TKL","Alaska","USA","S","Boreal forest",60.719,-150.808,65,0.63,5.5,5.5,"Ultraoligotrophic",191,2.05833321809769,760,"medium_lake","small_lake","medium_lake","depth_5_15","depth_5_10",-1.48222845368325
"76",15053,"Dolly Varden A47","Dolly Varden A47","July","Summer","2011-2012",NA,NA,NA,17.1,NA,7.1,NA,3.7,NA,NA,NA,NA,14.2857142857143,0.067741935483871,NA,NA,NA,NA,NA,NA,NA,1.04712041884817,2.4,0.0718390804597701,0.323275862068966,2.22513089005236,7.73441218467397,0.00559257496430271,7.69871489766778,NA,"Dolly Varden A47",58495,"TKL","Alaska","USA","S","Boreal forest",60.704,-150.787,67,1.074,30,3.5,"Ultraoligotrophic",191,2.07499998807908,767,"medium_lake","medium_lake","medium_lake","depth_15","depth_10",0.757935796269479
"78",15054,"Abandoned Cabin_ A50","Abandoned Cabin_ A50","March","Winter","2011",NA,NA,NA,1.9,NA,6,NA,NA,NA,NA,NA,NA,NA,NA,NA,NA,NA,NA,NA,NA,NA,NA,0,NA,NA,NA,NA,0,NA,NA,"Abandoned Cabin_ A50",NA,"TKL","Alaska","USA","S","Boreal forest",60.696,-151.315,43,0.031,3,NA,"Oligotrophic",191,1.87500011920929,700,"small_lake","pond","pond","depth_1_5","depth_1_5",-1.45152765200853
"82",15056,"Engineer A45","Engineer A45","March","Winter","2011",NA,NA,NA,0.4,NA,6.7,NA,NA,NA,NA,NA,NA,NA,NA,NA,NA,NA,NA,NA,NA,NA,NA,0,NA,NA,NA,NA,0,NA,NA,"Engineer A45",627980,"TKL","Alaska","USA","S","Boreal forest",60.478,-150.323,149,0.909,3.9,5.9,"Oligotrophic",191,2.64999995628993,894,"medium_lake","small_lake","medium_lake","depth_1_5","depth_1_5",-1.68287791723331
"84",15057,"Lower Ohmer A44","Lower Ohmer A44","July","Summer","2011-2012",NA,NA,NA,11.6,NA,7.5,NA,9.9,NA,NA,NA,NA,21.4285714285714,0.0580645161290323,NA,NA,NA,NA,NA,NA,NA,1.17801047120419,1.4,0.0359195402298851,NA,1.73429319371728,18.6815801999048,0.00321275583055688,18.6339838172299,NA,"Lower Ohmer A44",628993,"TKL","Alaska","USA","S","Boreal forest",60.456,-150.317,148,0.471,28,6.4,"Oligotrophic",191,2.79166680574416,888,"medium_lake","small_lake","small_lake","depth_15","depth_10",-0.0143069531341382
"86",15058,"Northeast Science Station",NA,"June-September","Summer","2003-2004",NA,NA,NA,NA,NA,NA,NA,NA,NA,NA,NA,NA,NA,NA,NA,NA,NA,NA,NA,NA,NA,0.665983606557377,6.60860655737705,NA,NA,7.27459016393443,NA,NA,NA,NA,"Northeast Science Station",NA,"TKL","Siberia","Russia","C",NA,68.7554106,161.3882564,23,0.17,16.5,NA,NA,122,-11.6333334594965,162,"small_lake","small_lake","small_lake","depth_15","depth_10",NA
"90",15059,"Tube Dispencer Lake","Tube Dispencer Lake","June-September","Summer","2002-2003",NA,NA,NA,14.3,NA,6.9,NA,NA,NA,NA,NA,NA,NA,NA,NA,1150,NA,NA,NA,NA,NA,0.5125,7.3375,NA,NA,7.85,NA,NA,NA,NA,"Tube Dispencer Lake",NA,"TKL","Siberia","Russia","C",NA,68.756,161.388,7,0.0925,17,NA,NA,135,-11.4250001193335,174,"small_lake","pond","small_lake","depth_15","depth_10",0.368486789106491
"91",15060,"Shuchi","Shuchi","June-September","Summer","2002-2003",NA,NA,NA,13.3,NA,7.2,NA,NA,NA,NA,NA,NA,NA,NA,NA,1308.33333333333,NA,NA,NA,NA,NA,0.7375,5.775,NA,NA,6.5125,NA,NA,NA,NA,"Shuchi",NA,"TKL","Siberia","Russia","C",NA,68.746,161.393,7,0.0487,11,NA,NA,135,-11.4250001193335,174,"small_lake","pond","pond","depth_5_15","depth_10",0.227552726406621
"92",15061,"Grass","Grass","June-September","Summer","2002-2003",NA,NA,NA,12.7,NA,6.3,NA,NA,NA,NA,NA,NA,NA,NA,NA,2491.66666666667,NA,NA,NA,NA,NA,3.23125,1.5375,NA,NA,4.76875,NA,NA,NA,NA,"Grass",NA,"TKL","Siberia","Russia","C",NA,68.749,161.414,7,0.0787,12,NA,NA,135,-11.4250001193335,174,"small_lake","pond","small_lake","depth_5_15","depth_10",0.142518975159994
"93",15062,"E1","E1","June-September","Summer","2004",NA,NA,NA,15,NA,9.1,NA,NA,NA,NA,NA,NA,NA,NA,NA,16.6666666666667,NA,NA,NA,NA,NA,NA,3.06875,NA,NA,NA,NA,NA,NA,NA,"E1",NA,"TKL","Alaska","USA","C",NA,68.626117,-149.555123,788,0.0257,6.4,NA,NA,127,-9.70000009114544,239,"small_lake","pond","pond","depth_5_15","depth_5_10",0.466558604418879
"94",15064,"E5","E5","June-September","Summer","2004/2007/2010",NA,NA,NA,15.3,NA,7.1,NA,NA,NA,NA,NA,NA,NA,NA,NA,NA,NA,NA,NA,NA,NA,NA,0.21875,NA,NA,NA,NA,NA,NA,NA,"E5",NA,"TKL","Alaska","USA","C",NA,68.643517,-149.590008,716,0.116,11.9,NA,NA,127,-9.59166662643353,237,"small_lake","small_lake","small_lake","depth_5_15","depth_10",0.508443669884365
"95",15066,"N3","N3","June-September","Summer","2004/2007/2010",NA,NA,NA,NA,NA,NA,NA,NA,NA,NA,NA,NA,NA,NA,NA,NA,NA,NA,NA,NA,NA,NA,4.5375,NA,NA,NA,NA,NA,NA,NA,"N3",NA,"TKL","Alaska","USA","C",NA,68.642372,-149.631399,718,0.0097,5.3,NA,NA,127,-9.6249999453624,236,"pond","medium_pond","pond","depth_5_15","depth_5_10",NA
"96",15067,"N2","N2","June-September","Summer","2004/2007/2010",NA,NA,NA,NA,NA,NA,NA,NA,NA,NA,NA,NA,NA,NA,NA,NA,NA,NA,NA,NA,NA,NA,0.8875,NA,NA,NA,NA,NA,NA,NA,"N2",NA,"TKL","Alaska","USA","C",NA,68.640944,-149.626493,719,0.0163,10,NA,NA,127,-9.56666669001183,234,"pond","pond","pond","depth_5_15","depth_10",NA
"97",15068,"Goldstream",NA,"June-September","Summer","2008-2012",NA,NA,NA,NA,NA,NA,NA,NA,NA,NA,NA,NA,NA,NA,NA,NA,NA,NA,NA,NA,NA,NA,4.89375,NA,NA,NA,NA,NA,NA,NA,"Goldstream",NA,"TKL","Alaska","USA","C",NA,64.916,-147.848,252,0.01,2.9,NA,NA,NA,-2.56666676203409,301,"pond","pond","pond","depth_1_5","depth_1_5",NA
"98",15069,"Ikroavik",NA,"June-September","Summer","2009-2011",NA,NA,NA,NA,NA,NA,NA,NA,NA,NA,NA,NA,NA,NA,NA,NA,NA,NA,NA,NA,NA,NA,0.225,NA,NA,NA,NA,NA,NA,NA,"Ikroavik",381931,"TKL","Alaska","USA","C",NA,66.566,-164.466,6,5.293,2.4,3.2,NA,NA,-4.99999994536241,316,"lake","medium_lake","lake","depth_1_5","depth_1_5",NA
"99",15070,"Claudi",NA,"June-September","Summer","2008-2009",NA,NA,NA,NA,NA,NA,NA,NA,NA,NA,NA,NA,NA,NA,NA,NA,NA,NA,NA,NA,NA,NA,8.125,NA,NA,NA,NA,NA,NA,NA,"Claudi",NA,"TKL","Alaska","USA","C",NA,66.552,-164.45,18,0.163,11,NA,NA,NA,-4.95833339790503,318,"small_lake","small_lake","small_lake","depth_5_15","depth_10",NA
"112",15204,"Lena River east bank",NA,"July-September","Summer","2009",NA,NA,NA,NA,NA,NA,NA,NA,NA,NA,NA,NA,NA,NA,NA,NA,NA,NA,NA,NA,NA,NA,0.36865942,NA,NA,NA,NA,NA,NA,NA,"Lena River east bank",NA,"TKP","Siberia","Russia","C","Boreal forest",62.133333,130.5,156,0.39,1.8,NA,NA,153,-10.5666664441427,263,"medium_lake","small_lake","small_lake","depth_1_5","depth_1_5",NA
"129",15208,"BYL36","BYL36","July","Summer","2015",0.45,30.2,NA,NA,NA,7.8,NA,1.5,NA,1.1,NA,NA,15.9357142857143,NA,0.274193548387097,358.333333333333,NA,NA,1.8,NA,NA,0.372,0.193,NA,NA,0.565,10.7975,0.006,10.7975,NA,"BYL36",NA,"TKL","Nunavut","Canada","C","Tundra",73.15980268,-79.96796704,32,0.031123,12,3.1,NA,107,NA,NA,"small_lake","pond","pond","depth_5_15","depth_10",NA
"132",15209,"BYL37",NA,"July","Summer","2015",NA,NA,NA,NA,NA,NA,NA,NA,NA,NA,NA,NA,NA,NA,NA,NA,NA,NA,NA,NA,NA,0.0915,0.06,NA,NA,0.1515,20.344,0.007,20.344,NA,"BYL37",190009,"TKL","Nunavut","Canada","C","Tundra",73.15443726,-79.96915624,44,0.20912,11.9,3.8,NA,107,-13.9333331783613,200,"medium_lake","small_lake","small_lake","depth_5_15","depth_10",NA
"135",15210,"BYL66","BYL66","July","Summer","2015",0.2,23.7,NA,NA,NA,7.2,NA,1.6,NA,1.6,NA,NA,18.6642857142857,NA,0.474193548387097,375,NA,NA,3.6,NA,NA,0.191,1.152,NA,NA,1.343,2.9535,0.0125,2.9535,NA,"BYL66",190020,"TKL","Nunavut","Canada","C","Tundra",73.15269176,-79.99899175,53,0.116172,4.1,1.9,NA,107,NA,NA,"small_lake","small_lake","small_lake","depth_1_5","depth_1_5",NA
"138",15211,"BYL123",NA,"July","Summer","2015",NA,NA,NA,NA,NA,NA,NA,NA,NA,NA,NA,NA,NA,NA,NA,NA,NA,NA,NA,NA,NA,0.43,0.193,NA,NA,0.623,-9.251,0.015,-9.251,NA,"BYL123",NA,"TKL","Nunavut","Canada","C","Tundra",73.15987637,-79.97507359,34,0.011509,2.5,1,NA,107,NA,NA,"pond","pond","pond","depth_1_5","depth_1_5",NA
"140",15212,"BYL27","BYL27","June","Spring","2015",2.7,61.9,NA,7.2,NA,NA,NA,NA,NA,NA,NA,NA,NA,NA,NA,NA,NA,NA,NA,NA,NA,0.847,0.881,NA,NA,1.728,12.416,0.04,12.416,NA,"BYL27",NA,"TKP","Nunavut","Canada","C","Tundra",73.15654492,-79.98454523,43,4e-04,1.4,0.6,NA,107,-13.9416666229566,202,"medium_pond","small_pond","small_pond","depth_1_5","depth_1_5",-0.653917320216436
"143",15213,"BYL24",NA,"June","Spring","2015",NA,NA,NA,NA,NA,NA,NA,NA,NA,NA,NA,NA,NA,NA,NA,NA,NA,NA,NA,NA,NA,0.466,0.46,NA,NA,0.926,3.625,0.018,3.625,NA,"BYL24",NA,"TKP","Nunavut","Canada","C","Tundra",73.15653755,-79.98457066,43,0.000256,1.2,0.5,NA,107,-13.9416666229566,202,"medium_pond","small_pond","small_pond","depth_1_5","depth_1_5",NA
"146",15214,"BYL80","BYL80","June","Spring","2015",1,19,NA,7.2,NA,NA,NA,NA,NA,NA,NA,NA,NA,NA,NA,NA,NA,NA,NA,NA,NA,0.419,6.257,NA,NA,6.676,-1.951,0.391,-1.951,NA,"BYL80",NA,"TKP","Nunavut","Canada","C","Tundra",73.1576133,-79.98727888,42,0.000212,0.8,0.6,NA,107,-13.9416666229566,202,"medium_pond","small_pond","small_pond","depth_1","depth_1",-0.653917320216436
"149",15215,"BYL30",NA,"June","Spring","2015",NA,NA,NA,NA,NA,NA,NA,NA,NA,NA,NA,NA,NA,NA,NA,NA,NA,NA,NA,NA,NA,0.626,1.526,NA,NA,2.152,4.627,0.021,4.627,NA,"BYL30",NA,"TKP","Nunavut","Canada","C","Tundra",73.15758604,-79.98376526,41,0.000125,0.7,0.4,NA,107,-13.9416666229566,202,"small_pond","small_pond","small_pond","depth_1","depth_1",NA
"319",15322,"L56","L56","June","Spring","2015",7.99,NA,NA,15.22,NA,NA,NA,NA,NA,NA,NA,NA,NA,NA,NA,NA,NA,NA,NA,NA,NA,5.79,13.47,NA,NA,19.25,NA,NA,NA,NA,"L56",NA,"Pond","NWT","Canada","C",NA,68.32323333,-133.84695,3,0.031,NA,1.2,NA,153,-8.7000000004967,243,"small_lake","pond","pond",NA,NA,0.497282840289166
"320",15327,"L520","L520","June","Spring","2015",3.33,NA,NA,16.09,NA,NA,NA,NA,NA,NA,NA,NA,NA,NA,NA,NA,NA,NA,NA,NA,NA,2.37,0.86,NA,NA,3.23,NA,NA,NA,NA,"L520",NA,"TKP","NWT","Canada","C",NA,68.3136,-133.7142333,3,0.002,NA,1.9,NA,153,-8.7000000004967,243,"pond","medium_pond","medium_pond",NA,NA,0.618325353779682
"321",15334,"L280","L280","July","Summer","2014",2.08,NA,NA,18.2,NA,NA,NA,NA,NA,NA,NA,NA,NA,NA,NA,NA,NA,NA,NA,NA,NA,1.36,3.3,NA,NA,4.65,NA,NA,NA,NA,"L280",NA,"TKP","NWT","Canada","C",NA,68.3208,-133.8395833,3,0.024,NA,2.3,NA,153,-8.75833341479301,238,"small_lake","pond","pond",NA,NA,0.908885597465755
"342",15487,"Sedge-dominated pond 1","Sedge-dominated pond 1","June-October","Summer/Autumn","2015",9.50656885,224.6819229,NA,NA,NA,4.29,8.11,NA,NA,NA,NA,NA,NA,NA,NA,4227.16921166667,NA,NA,NA,NA,NA,3.47583333333333,21.1341666666667,NA,NA,24.61,86.3641666666667,NA,86.3641666666667,NA,"Sedge-dominated pond 1",NA,"TKP","Scandinavian","Sweden","D","Tundra",68.346625,18.969453,405,2.88e-05,0.21,NA,NA,NA,-0.850000036259492,359,"small_pond","small_pond","small_pond","depth_1","depth_1",NA
"343",15488,"Sedge-dominated pond 2","Sedge-dominated pond 2","June-October","Summer/Autumn","2015",35.8459132,429.1605806,NA,NA,NA,4.16,6.93,NA,NA,NA,NA,NA,NA,NA,NA,3658.3931725,NA,NA,NA,NA,NA,10.045,2.46166666666667,NA,NA,12.5066666666667,185.375,NA,185.375,NA,"Sedge-dominated pond 2",NA,"TKP","Scandinavian","Sweden","D","Tundra",68.34651389,18.96956667,406,6.08e-06,0.16,NA,NA,NA,-0.850000036259492,359,"small_pond","small_pond","small_pond","depth_1","depth_1",NA
"344",15489,"Sedge-dominated pond 3","Sedge-dominated pond 3","June-October","Summer/Autumn","2015",6.311747876,313.040993,NA,NA,NA,4.06,9.08,NA,NA,NA,NA,NA,NA,NA,NA,4319.82493666667,NA,NA,NA,NA,NA,1.80833333333333,7.425,NA,NA,9.23333333333333,144.98,NA,144.98,NA,"Sedge-dominated pond 3",NA,"TKP","Scandinavian","Sweden","D","Tundra",68.34637778,18.96949444,406,2.025e-05,0.21,NA,NA,NA,-0.850000036259492,359,"small_pond","small_pond","small_pond","depth_1","depth_1",NA
"345",15490,"Open-water pond 4","Open-water pond 4","June-October","Summer/Autumn","2015",56.5756699,904.8406197,NA,NA,NA,5.78,4.07,NA,NA,NA,NA,NA,NA,NA,NA,3041.31816166667,NA,NA,NA,NA,NA,16.0958333333333,0,NA,NA,16.0958333333333,502.178333333333,NA,502.178333333333,NA,"Open-water pond 4",NA,"TKP","Scandinavian","Sweden","D","Tundra",68.34635556,18.96827222,402,4e-05,0.66,NA,NA,NA,-0.850000036259492,359,"small_pond","small_pond","small_pond","depth_1","depth_1",NA
"346",15491,"Open-water pond 5","Open-water pond 5","June-October","Summer/Autumn","2015",90.93481366,1112.004533,NA,NA,NA,5.64,4.44,NA,NA,NA,NA,NA,NA,NA,NA,2894.492045,NA,NA,NA,NA,NA,21.4083333333333,0,NA,NA,21.4083333333333,681.051666666667,NA,681.051666666667,NA,"Open-water pond 5",NA,"TKP","Scandinavian","Sweden","D","Tundra",68.346625,18.96844167,402,3.5e-05,0.42,NA,NA,NA,-0.850000036259492,359,"small_pond","small_pond","small_pond","depth_1","depth_1",NA
"347",15492,"Open-water pond 6","Open-water pond 6","June-October","Summer/Autumn","2015",16.07819147,865.898509,NA,NA,NA,5.76,4.34,NA,NA,NA,NA,NA,NA,NA,NA,3086.10457666667,NA,NA,NA,NA,NA,4.27166666666667,24.66,NA,NA,28.9325,478.6175,NA,478.6175,NA,"Open-water pond 6",NA,"TKP","Scandinavian","Sweden","D","Tundra",68.346875,18.96955833,405,4.05e-05,0.79,NA,NA,NA,-0.850000036259492,359,"small_pond","small_pond","small_pond","depth_1","depth_1",NA
"348",15493,"Moss-dominated pond 12","Moss-dominated pond 12","June-October","Summer/Autumn","2015",2.561612079,67.66524503,NA,NA,NA,3.84,12.66,NA,NA,NA,NA,NA,NA,NA,NA,4049.28114833333,NA,NA,NA,NA,NA,0.486666666666667,0,NA,NA,0.486666666666667,20.3341666666667,NA,20.3341666666667,NA,"Moss-dominated pond 12",NA,"TKP","Scandinavian","Sweden","D","Tundra",68.357184,19.050006,359,2.025e-05,0.28,NA,NA,NA,-0.741666639844579,370,"small_pond","small_pond","small_pond","depth_1","depth_1",NA
"349",15494,"Moss-dominated pond 13","Moss-dominated pond 13","June-October","Summer/Autumn","2015",5.271014254,211.3355082,NA,NA,NA,3.86,11.21,NA,NA,NA,NA,NA,NA,NA,NA,4187.73128,NA,NA,NA,NA,NA,0.830833333333333,16.1666666666667,NA,NA,16.9975,105.299166666667,NA,105.299166666667,NA,"Moss-dominated pond 13",NA,"TKP","Scandinavian","Sweden","D","Tundra",68.356936,19.052649,359,0.00014,0.33,NA,NA,NA,-0.741666639844579,370,"small_pond","small_pond","small_pond","depth_1","depth_1",NA
"350",15495,"Sedge-dominated pond 14","Sedge-dominated pond 14","June-October","Summer/Autumn","2015",9.321864758,376.8836911,NA,NA,NA,4.09,10.87,NA,NA,NA,NA,NA,NA,NA,NA,3844.30101,NA,NA,NA,NA,NA,4.77166666666667,16.3408333333333,NA,NA,21.1125,169.484166666667,NA,169.484166666667,NA,"Sedge-dominated pond 14",NA,"TKP","Scandinavian","Sweden","D","Tundra",68.356881,19.053603,360,3.45e-05,0.48,NA,NA,NA,-0.741666639844579,370,"small_pond","small_pond","small_pond","depth_1","depth_1",NA
"351",15496,"Lake-fed pond 15","Lake-fed pond 15","June-October","Summer/Autumn","2015",15.06456539,194.9098656,NA,NA,NA,5.86,8.32,NA,NA,NA,NA,NA,NA,NA,NA,2529.58131916667,NA,NA,NA,NA,NA,7.31166666666667,5.64083333333333,NA,NA,12.9525,225.2125,NA,225.2125,NA,"Lake-fed pond 15",NA,"TKP","Scandinavian","Sweden","D","Tundra",68.356574,19.053398,363,8.925e-05,1.25,NA,NA,NA,-0.741666639844579,370,"small_pond","small_pond","small_pond","depth_1_5","depth_1_5",NA
"352",15497,"Lake-fed pond 16","Lake-fed pond 16","June-October","Summer/Autumn","2015",3.221355841,124.1109307,NA,NA,NA,6.17,8.5,NA,NA,NA,NA,NA,NA,NA,NA,2117.31798916667,NA,NA,NA,NA,NA,0.5975,10.715,NA,NA,11.3133333333333,54.7733333333333,NA,54.7733333333333,NA,"Lake-fed pond 16",NA,"TKP","Scandinavian","Sweden","D","Tundra",68.35486,19.049096,383,NA,0.52,NA,NA,NA,-0.741666639844579,370,NA,NA,NA,"depth_1","depth_1",NA
"353",15498,"Lake-fed pond 17","Lake-fed pond 17","June-October","Summer/Autumn","2015",18.81014301,248.7862209,NA,NA,NA,5.89,7.18,NA,NA,NA,NA,NA,NA,NA,NA,2189.91346583333,NA,NA,NA,NA,NA,5.9225,34.3625,NA,NA,40.285,217.53,NA,217.53,NA,"Lake-fed pond 17",NA,"TKP","Scandinavian","Sweden","D","Tundra",68.354786,19.048707,384,NA,0.44,NA,NA,NA,-0.741666639844579,370,NA,NA,NA,"depth_1","depth_1",NA
"354",15499,"Open-water pond 18","Open-water pond 18","June-October","Summer/Autumn","2015",16.28141709,516.4998578,NA,NA,NA,5.79,4.37,NA,NA,NA,NA,NA,NA,NA,NA,2322.63893,NA,NA,NA,NA,NA,7.11583333333333,7.87583333333333,NA,NA,14.9916666666667,314.180833333333,NA,314.180833333333,NA,"Open-water pond 18",NA,"TKP","Scandinavian","Sweden","D","Tundra",68.354144,19.047079,392,NA,0.27,NA,NA,NA,-0.741666639844579,370,NA,NA,NA,"depth_1","depth_1",NA
"355",15500,"Open-water pond 19","Open-water pond 19","June-October","Summer/Autumn","2015",49.43664779,831.6810657,NA,NA,NA,4.46,5.45,NA,NA,NA,NA,NA,NA,NA,NA,3184.81358166667,NA,NA,NA,NA,NA,17.5208333333333,73.515,NA,NA,91.0358333333333,603.819166666667,NA,603.819166666667,NA,"Open-water pond 19",NA,"TKP","Scandinavian","Sweden","D","Tundra",68.353519,19.048329,399,7.98e-05,0.5,NA,NA,NA,-0.741666639844579,370,"small_pond","small_pond","small_pond","depth_1","depth_1",NA
"356",15501,"Moss-dominated pond 20","Moss-dominated pond 20","June-October","Summer/Autumn","2015",12.85957659,634.163625,NA,NA,NA,3.84,9.96,NA,NA,NA,NA,NA,NA,NA,NA,3978.87945833333,NA,NA,NA,NA,NA,3.15833333333333,2.6025,NA,NA,5.76166666666667,165.76,NA,165.76,NA,"Moss-dominated pond 20",NA,"TKP","Scandinavian","Sweden","D","Tundra",68.352806,19.04737,407,3.025e-05,0.37,NA,NA,NA,-0.741666639844579,370,"small_pond","small_pond","small_pond","depth_1","depth_1",NA
"359",15502,"F1","F1","June","Spring","2018",0.47,NA,NA,18.3,87.9,6.2,10.13,7.11,NA,NA,0.0571428571428571,946.705714285714,40.8714285714286,0.109597096774194,NA,1396.66666666667,NA,NA,NA,NA,NA,0.574375,0.1263893923125,NA,NA,0.700625,3.84827198083333,0.0125216844166667,3.860793665,NA,"F1",NA,"Lake","NWT","Canada","C","Boreal forest",67.473464,-134.690139,32,0.058,1.2,NA,NA,83,-7.79166649778683,316,"small_lake","pond","small_lake","depth_1_5","depth_1_5",0.922551805546739
"377",15504,"F3","F3","June","Spring","2018",0.01,NA,NA,15,32.5,6.15,8.28,3.44,NA,NA,0.377142857142857,682.929285714286,41.9928571428571,0.200156774193548,NA,2298.33333333333,NA,NA,NA,NA,NA,0.03375,0.051479357625,NA,NA,0.085,10.3505246416667,0.000975656916666667,10.3515003,NA,"F3",NA,"Pond","NWT","Canada","C","Boreal forest",67.477378,-134.705003,27,0.0055,5,NA,NA,83,-7.79166652758915,313,"pond","medium_pond","pond","depth_5_15","depth_5_10",0.466558604418879
"395",15506,"F5","F5","June","Spring","2018",1.61,NA,NA,14.4,93.6,7.06,8.65,0.97,NA,NA,25.1507142857143,1132.18071428571,40.5357142857143,0.11085,NA,1857.5,NA,NA,NA,NA,NA,0.855625,0.0510602749375,NA,NA,0.906875,25.7436125583333,0.0122558325,25.7558683916667,NA,"F5",NA,"Lake","NWT","Canada","C","Boreal forest",67.357425,-134.830156,11,0.089,2,NA,NA,83,-7.60833350817362,320,"small_lake","pond","small_lake","depth_1_5","depth_1_5",0.382526282154785
"403",15507,"W1","W1","June","Spring","2018",1.33,NA,NA,17.8,108.8,7.35,9.09,1.81,NA,NA,0.75,776.784285714286,40.1714285714286,0.115990322580645,NA,1578.33333333333,NA,NA,NA,NA,NA,0.421875,0.5483708379375,NA,NA,0.97,11.4660520583333,0.408771482,11.8748235416667,NA,"W1",NA,"Lake","NWT","Canada","D","Boreal forest",63.151644,-123.249822,222,0.042,3,NA,NA,115,-4.81666658322015,351,"small_lake","pond","pond","depth_1_5","depth_1_5",0.854126823171867
"412",15508,"W2","W2","June","Spring","2018",1.33,NA,NA,19.7,80.4,7.32,9.71,0.58,NA,NA,0.878571428571429,2266.815,47.8428571428571,0.107632903225806,NA,1556.66666666667,NA,NA,NA,NA,NA,0.158125,0.95908829,NA,NA,1.1175,10.0289657583333,0.767204601833333,10.7961703583333,NA,"W2",NA,"Pond","NWT","Canada","D","Boreal forest",63.151336,-123.254425,222,0.01,1.1,NA,NA,115,-4.81666658322015,351,"pond","pond","pond","depth_1_5","depth_1_5",1.1128987276622
"429",15510,"W4","W4","June","Spring","2018",0.84,NA,NA,16.8,82.9,8.99,11.57,0.37,NA,NA,NA,759.627142857143,52.4428571428571,0.0779303225806452,NA,1595.83333333333,NA,NA,NA,NA,NA,0.079375,7.503030875,NA,NA,7.5825,-12.52818285,3.34053789416667,-9.18764495833333,NA,"W4",526813,"Lake","NWT","Canada","D","Boreal forest",63.160547,-123.271047,218,0.12,1.75,3.1,NA,115,-4.70000004768373,350,"small_lake","small_lake","small_lake","depth_1_5","depth_1_5",0.716568891713642
"447",15512,"L1","L1","May","Spring","2018",4.25,NA,NA,21.4,315.8,7.76,7.74,13.53,NA,NA,0.0542857142857143,1697.07857142857,97.8071428571428,0.250003225806452,NA,3015,NA,NA,NA,NA,NA,2.265625,2.791132069375,NA,NA,5.056875,-3.93883360083333,0.01125,-3.92758360083333,NA,"L1",NA,"Pond","NWT","Canada","S","Boreal forest",59.480228,-117.182856,310,0.004,1,NA,NA,143,-1.79166666666667,356,"pond","medium_pond","medium_pond","depth_1_5","depth_1_5",1.34160168317772
"455",15513,"L2","L2","May","Spring","2018",3.25,NA,NA,16,120.5,8.13,15.5,10.95,NA,NA,0.255714285714286,1495.52785714286,74.4,2.58129387096774,NA,3568.33333333333,NA,NA,NA,NA,NA,0.7725,3.006252285,NA,NA,3.77875,NA,0,NA,NA,"L2",NA,"Lake","NWT","Canada","S","Boreal forest",59.445386,-117.268253,316,0.027,2.5,NA,NA,143,-1.84999991953374,358,"small_lake","pond","pond","depth_1_5","depth_1_5",0.605837492349245
"482",15516,"L5","L5","May","Spring","2018",0.38,NA,NA,22.5,1163,8.2,8.81,2.85,NA,NA,0,3037.73357142857,114.328571428571,0.316957741935484,NA,3570.83333333333,NA,NA,NA,NA,NA,0.073125,0.0268340484375,NA,NA,0.1,8.88168360833333,0.00916666666666667,8.890850275,NA,"L5",NA,"Lake","NWT","Canada","S","Boreal forest",59.353419,-117.315033,317,0.019,0.75,NA,NA,143,-1.64166667064031,357,"pond","pond","pond","depth_1","depth_1",1.48818444016381
"490",15517,"Eli","Eli","May","Spring","2017",8.875,NA,NA,20.325,283.85,7.04,7.7625,NA,NA,NA,NA,NA,NA,NA,NA,NA,NA,NA,NA,NA,NA,3.69828125,10.16647991875,NA,NA,13.86476116875,NA,13.5553065583333,NA,NA,"Eli",NA,"Pond","NWT","Canada","S","Boreal forest",59.499,-117.197,314,0.005,1,NA,NA,123,-1.8750000645717,356,"pond","medium_pond","pond","depth_1_5","depth_1_5",1.19728868916194
"1270",15775,"IP",NA,"July","Summer","2002",NA,NA,NA,NA,NA,NA,NA,NA,NA,NA,NA,NA,NA,NA,NA,NA,NA,NA,NA,NA,NA,0.196,0.00875,NA,NA,0.20475,NA,NA,NA,NA,"Samoylov_interpolygonal_pond",NA,"TKP","Siberia","Russia","C",NA,72.373568,126.494947,8,0.00018,1.3,NA,NA,90,-12.9166667064031,296,"small_pond","small_pond","small_pond","depth_1_5","depth_1_5",NA
"1294",15776,"PP1",NA,"July","Summer","2002",NA,NA,NA,NA,NA,NA,NA,NA,NA,NA,NA,NA,NA,NA,NA,NA,NA,NA,NA,NA,NA,0.075875,0.004375,NA,NA,0.08025,NA,NA,NA,NA,"Samoylov_Polygonal_pond_1",NA,"TKP","Siberia","Russia","C",NA,72.373366,126.492964,8,0.00017,1,NA,NA,90,-12.9166667064031,296,"small_pond","small_pond","small_pond","depth_1_5","depth_1_5",NA
"1317",15777,"PP2",NA,"July","Summer","2002",NA,NA,NA,NA,NA,NA,NA,NA,NA,NA,NA,NA,NA,NA,NA,NA,NA,NA,NA,NA,NA,0.189,0.42625,NA,NA,0.61525,NA,NA,NA,NA,"Samoylov_Polygonal_pond_2",NA,"TKP","Siberia","Russia","C",NA,72.373476,126.493614,8,0.00017,0.8,NA,NA,90,-12.9166667064031,296,"small_pond","small_pond","small_pond","depth_1","depth_1",NA
"1353",15780,"EYN","EYN","June","Spring","2014",0.37,NA,NA,15.1,NA,NA,9.4,9,NA,NA,NA,NA,NA,NA,NA,NA,NA,NA,NA,NA,NA,0.01,0.14,NA,NA,0.15,NA,NA,NA,NA,"Eyak N",NA,"GP","Alaska","USA","G",NA,60.492,-145.661,5.2,0.00667,0.72,0.62,NA,NA,4.01666662096977,2098,"pond","medium_pond","pond","depth_1","depth_1",0.48052998011535
"1356",15781,"EYS","EYS","June","Spring","2014",0.12,NA,NA,16.1,NA,NA,7.7,13,NA,NA,NA,NA,NA,NA,NA,NA,NA,NA,NA,NA,NA,0.02,12,NA,NA,12.02,NA,NA,NA,NA,"Eyak S",NA,"GP","Alaska","USA","G",NA,60.477,-145.683,5.5,0.006636,0.64,0.67,NA,NA,4.13333332538605,2087,"pond","medium_pond","pond","depth_1","depth_1",0.619712414235899
"1359",15782,"LIL","LIL","June","Spring","2014",0.85,NA,NA,14.2,NA,NA,2.4,3,NA,NA,NA,NA,NA,NA,NA,NA,NA,NA,NA,NA,NA,0.01,41,NA,NA,41.01,NA,NA,NA,NA,"Lily",NA,"GP","Alaska","USA","G",NA,60.52,-145.601,8.2,0.020536,0.69,0.65,NA,NA,4.04999995231629,2147,"small_lake","pond","pond","depth_1","depth_1",0.354437524356051
"1362",15783,"RHM","RHM","June","Spring","2014",2.66,NA,NA,12.6,NA,NA,2.8,1,NA,NA,NA,NA,NA,NA,NA,NA,NA,NA,NA,NA,NA,0.2,0,NA,NA,0.2,NA,NA,NA,NA,"Rich Hate Me",NA,"GP","Alaska","USA","G",NA,60.478,-145.382,18.3,0.003571,0.76,0.48,NA,NA,3.9166667064031,2258,"pond","medium_pond","medium_pond","depth_1","depth_1",0.128311965510193
"1365",15784,"SCS","SCS","June","Spring","2014",0.47,NA,NA,15.1,NA,NA,11.3,4,NA,NA,NA,NA,NA,NA,NA,NA,NA,NA,NA,NA,NA,0.05,35,NA,NA,35.05,NA,NA,NA,NA,"Scott S",NA,"GP","Alaska","USA","G",NA,60.491,-145.547,13.4,0.010369,0.89,0.82,NA,NA,4.15833339095115,2271,"pond","pond","pond","depth_1","depth_1",0.48052998011535
"1368",15785,"STN","STN","June","Spring","2014",0.92,NA,NA,16.5,NA,NA,7.8,9,NA,NA,NA,NA,NA,NA,NA,NA,NA,NA,NA,NA,NA,0.01,0.08,NA,NA,0.09,NA,NA,NA,NA,"Storey N",634321,"GP","Alaska","USA","G",NA,60.323,-145.161,4.6,0.151748,0.62,0.58,NA,NA,NA,NA,"small_lake","small_lake","small_lake","depth_1","depth_1",0.675116297039622
"1371",15786,"STS","STS","June","Spring","2014",0.15,NA,NA,16.4,NA,NA,9.8,4,NA,NA,NA,NA,NA,NA,NA,NA,NA,NA,NA,NA,NA,0.04,0.29,NA,NA,0.33,NA,NA,NA,NA,"Storey S",634841,"GP","Alaska","USA","G",NA,60.306,-145.178,2.1,0.177486,0.63,0.57,NA,NA,NA,NA,"small_lake","small_lake","small_lake","depth_1","depth_1",0.661279677197641
"1374",15787,"TIN","TIN","June","Spring","2014",0.39,NA,NA,16.5,NA,NA,9.7,10,NA,NA,NA,NA,NA,NA,NA,NA,NA,NA,NA,NA,NA,0.05,19,NA,NA,19.05,NA,NA,NA,NA,"Tiedeman N",NA,"GP","Alaska","USA","G",NA,60.431,-145.466,5.5,0.006768,0.7,0.65,NA,NA,4.26666662593682,2315,"pond","medium_pond","pond","depth_1","depth_1",0.675116297039622
"1377",15788,"TIS","TIS","June","Spring","2014",0.11,NA,NA,15.7,NA,NA,9.9,11,NA,NA,NA,NA,NA,NA,NA,NA,NA,NA,NA,NA,NA,0.06,4.3,NA,NA,4.36,NA,NA,NA,NA,"Tiedeman S",NA,"GP","Alaska","USA","G",NA,60.425,-145.473,5.5,0.057003,0.76,0.73,NA,NA,4.366666679581,2317,"small_lake","pond","small_lake","depth_1","depth_1",0.56415508463887
"1381",15073,"BRW-104","BRW-104","August","Summer","2014",0.036875,NA,NA,5.9,155,6.54,NA,NA,NA,NA,NA,NA,14.2857142857143,NA,NA,325,NA,NA,NA,NA,NA,0.0525,42.9916666666667,NA,NA,43.0441666666667,NA,NA,NA,NA,"BRW-104",19731,"TKL","Alaska","USA","C","Tundra",71.19358,-156.50224,7,1.745,11.967821,1.1,NA,122,-11.7916666666667,112,"medium_lake","medium_lake","medium_lake","depth_5_15","depth_10",-0.846753214431132
"1387",15076,"BRW-130","BRW-130","August","Summer","2014",0.135625,NA,NA,8.2,361,6.8,NA,NA,NA,NA,NA,NA,21.4285714285714,NA,NA,383.333333333333,NA,NA,NA,NA,NA,NA,0.123333333333333,NA,NA,NA,NA,NA,NA,NA,"BRW-130",19704,"TKL","Alaska","USA","C","Tundra",71.19909,-156.66536,11,2.968,11.983982,1.2,NA,122,-11.8666668136915,116,"lake","medium_lake","medium_lake","depth_5_15","depth_10",-0.50679463896639
"1388",15077,"LMR-402","LMR-402","August","Summer","2014",0.170625,NA,NA,6,84,6.5,NA,NA,NA,NA,NA,NA,21.4285714285714,NA,NA,358.333333333333,NA,NA,NA,NA,NA,NA,21.4333333333333,NA,NA,NA,NA,NA,NA,NA,"LMR-402",20782,"TKL","Alaska","USA","C","Tundra",70.72825,-156.8429,7,3.56,10.601336,1,NA,122,-11.1500001649062,125,"lake","medium_lake","medium_lake","depth_5_15","depth_10",-0.831855918259215
"1394",15081,"ATQ-201","ATQ-201","August","Summer","2014",0.041875,NA,NA,6.8,26,5.9,NA,NA,NA,NA,NA,NA,14.2857142857143,NA,NA,316.666666666667,NA,NA,NA,NA,NA,NA,0.8625,NA,NA,NA,NA,NA,NA,NA,"ATQ-201",21933,"TKL","Alaska","USA","C","Tundra",70.32723,-156.80655,32,1.455,13.780839,1.1,NA,122,-10.5083331565062,139,"medium_lake","medium_lake","medium_lake","depth_5_15","depth_10",-0.713060690632155
"1403",15789,"ATQ-Ikmakraka","ATQ-Ikmakraka","August","Summer","2014",0.02375,NA,NA,6.9,87,7.56,NA,NA,NA,NA,NA,NA,7.14285714285714,NA,NA,200,NA,NA,NA,NA,NA,NA,60.4666666666667,NA,NA,NA,NA,NA,NA,NA,"ATQ-Ikmakraka",21450,"TKL","Alaska","USA","C","Tundra",70.475,-157.459,16,9.257,13.63405,3,NA,122,-10.6583332220713,130,"lake","medium_lake","lake","depth_5_15","depth_10",-0.698259008882431
"1405",15790,"BRW-100a","BRW-100a","August","Summer","2014",0.02375,NA,NA,4.9,46,6,NA,NA,NA,NA,NA,NA,14.2857142857143,NA,NA,233.333333333333,NA,NA,NA,NA,NA,NA,0.4725,NA,NA,NA,NA,NA,NA,NA,"BRW-100a",19643,"TKL","Alaska","USA","C","Tundra",71.242,-156.774,11,1.838,12.92628,1.8,NA,122,-11.8166668613752,112,"medium_lake","medium_lake","medium_lake","depth_5_15","depth_10",-0.99631553151049
"1406",15806,"Pond A","Pond A","July","Summer","2013",NA,NA,NA,NA,NA,NA,NA,NA,NA,NA,NA,NA,NA,NA,NA,NA,NA,NA,NA,NA,NA,NA,0,NA,NA,NA,NA,NA,NA,NA,"Pond A",NA,"Pond","Scandinavian","Sweden","S",NA,68.35698483,19.04960763,359,0.00011,NA,0.22,NA,149,-0.741666639844579,370,"small_pond","small_pond","small_pond",NA,NA,NA
"1506",15807,"Pond B","Pond B","July","Summer","2013",NA,NA,NA,NA,NA,NA,NA,NA,NA,NA,NA,NA,NA,NA,NA,NA,NA,NA,NA,NA,NA,NA,0,NA,NA,NA,NA,NA,NA,NA,"Pond B",NA,"Pond","Scandinavian","Sweden","S",NA,68.35688503,19.05062797,359,3.2e-05,NA,0.18,NA,149,-0.741666639844579,370,"small_pond","small_pond","small_pond",NA,NA,NA
"1697",15808,"Pond C","Pond C","July","Summer","2012",NA,NA,NA,NA,NA,NA,NA,NA,NA,NA,NA,NA,NA,NA,NA,NA,NA,NA,NA,NA,NA,NA,1.76666666666667,NA,NA,NA,NA,NA,NA,NA,"Pond C",NA,"Pond","Scandinavian","Sweden","S",NA,68.35344712,19.04727789,363,2.4e-05,NA,0.35,NA,149,-0.741666639844579,370,"small_pond","small_pond","small_pond",NA,NA,NA
"2031",15809,"Pond D","Pond D","July","Summer","2013",NA,NA,NA,NA,NA,NA,NA,NA,NA,NA,NA,NA,NA,NA,NA,NA,NA,NA,NA,NA,NA,NA,0,NA,NA,NA,NA,NA,NA,NA,"Pond D",NA,"Pond","Scandinavian","Sweden","S",NA,68.35773563,19.05368401,358,1.3e-05,NA,0.41,NA,149,-0.741666639844579,370,"small_pond","small_pond","small_pond",NA,NA,NA
"2299",15810,"Pond E","Pond E","July","Summer","2013",NA,NA,NA,NA,NA,NA,NA,NA,NA,NA,NA,NA,NA,NA,NA,NA,NA,NA,NA,NA,NA,NA,0,NA,NA,NA,NA,NA,NA,NA,"Pond E",NA,"Pond","Scandinavian","Sweden","S",NA,68.35270479,19.04733059,364,8.3e-05,NA,0.85,NA,149,-0.741666639844579,370,"small_pond","small_pond","small_pond",NA,NA,NA
"2568",15811,"Pond F","Pond F","July","Summer","2013",NA,NA,NA,NA,NA,NA,NA,NA,NA,NA,NA,NA,NA,NA,NA,NA,NA,NA,NA,NA,NA,NA,0,NA,NA,NA,NA,NA,NA,NA,"Pond F",NA,"Pond","Scandinavian","Sweden","S",NA,68.35366758,19.0484072,363,0.000135,NA,0.43,NA,149,-0.741666639844579,370,"small_pond","small_pond","small_pond",NA,NA,NA
"2831",15812,"Pond G","Pond G","July","Summer","2012",NA,NA,NA,NA,NA,NA,NA,NA,NA,NA,NA,NA,NA,NA,NA,NA,NA,NA,NA,NA,NA,NA,10.9166666666667,NA,NA,NA,NA,NA,NA,NA,"Pond G",NA,"Pond","Scandinavian","Sweden","S",NA,68.35428965,19.04707764,362,0.000451,NA,0.47,NA,149,-0.741666639844579,370,"medium_pond","small_pond","small_pond",NA,NA,NA
"2987",15813,"Pond H","Pond H","July","Summer","2012",NA,NA,NA,NA,NA,NA,NA,NA,NA,NA,NA,NA,NA,NA,NA,NA,NA,NA,NA,NA,NA,NA,2.33333333333333,NA,NA,NA,NA,NA,NA,NA,"Pond H",NA,"Pond","Scandinavian","Sweden","S",NA,68.35391821,19.04773924,363,0.000161,NA,0.41,NA,149,-0.741666639844579,370,"small_pond","small_pond","small_pond",NA,NA,NA
"3331",15846,"IH","Inre Harrsjon","June-September","Summer/Autumn","2009-2012",NA,NA,NA,12.6,NA,NA,NA,NA,NA,NA,NA,NA,NA,NA,NA,NA,NA,NA,NA,NA,NA,NA,0.566666666666667,NA,NA,NA,NA,NA,NA,NA,"Inre Harrsjon",1195524,"Lake","Scandinavian","Sweden","S",NA,68.35855558,19.04527508,356,0.02,5,2,NA,152,-0.641666619107126,368,"small_lake","pond","pond","depth_5_15","depth_5_10",0.128311965510193
"3332",15847,"MH","Mellan Harrsjon","June-September","Summer/Autumn","2009-2012",NA,NA,NA,11.4,NA,NA,NA,NA,NA,NA,NA,NA,NA,NA,NA,NA,NA,NA,NA,NA,NA,NA,1.39166666666667,NA,NA,NA,NA,NA,NA,NA,"Mellan Harrsjon",NA,"Lake","Scandinavian","Sweden","S",NA,68.3583327,19.04189788,357,0.018,7,1.8,NA,152,-0.741666639844579,370,"pond","pond","pond","depth_5_15","depth_5_10",-0.042951026936727
"3333",15848,"VS","Villasjon","June-September","Summer/Autumn","2009-2012",NA,NA,NA,12.5,NA,NA,NA,NA,NA,NA,NA,NA,NA,NA,NA,NA,NA,NA,NA,NA,NA,NA,1.83333333333333,NA,NA,NA,NA,NA,NA,NA,"Villasjon",1195525,"Pond","Scandinavian","Sweden","S",NA,68.35421558,19.05199392,364,0.007,1.3,0.7,NA,152,-0.741666639844579,370,"pond","medium_pond","pond","depth_1_5","depth_1_5",0.114095008715523
"3397",16093,"BLH",NA,"August","Summer","2020",NA,NA,NA,NA,NA,NA,NA,NA,NA,NA,NA,NA,NA,NA,NA,NA,NA,NA,NA,NA,NA,6.7,19,NA,NA,25.7,NA,NA,NA,NA,"BLH",NA,"TKP","TP","China","C",NA,34.82496236,92.92246189,4623,0.003185922,2.8,NA,NA,153,-4.6833334248513,280,"pond","medium_pond","medium_pond","depth_1_5","depth_1_5",NA
"3401",16094,"MD",NA,"August","Summer","2020",NA,NA,NA,NA,NA,NA,NA,NA,NA,NA,NA,NA,NA,NA,NA,NA,NA,NA,NA,NA,NA,5,0.4,NA,NA,5.4,NA,NA,NA,NA,"MD",NA,"TKP","TP","China","C",NA,34.94136109,98.50818217,4265,0.003509733,3.2,NA,NA,153,-3.91666666666666,348,"pond","medium_pond","medium_pond","depth_1_5","depth_1_5",NA
"3405",16095,"TTH",NA,"August","Summer","2020",NA,NA,NA,NA,NA,NA,NA,NA,NA,NA,NA,NA,NA,NA,NA,NA,NA,NA,NA,NA,NA,0.1,1.1,NA,NA,1.2,NA,NA,NA,NA,"TTH",NA,"TKP","TP","China","C",NA,34.24562466,92.45784023,4571,0.007600444,2.9,NA,NA,153,-3.65833329161008,278,"pond","medium_pond","pond","depth_1_5","depth_1_5",NA
"3409",16096,"WDL",NA,"August","Summer","2020",NA,NA,NA,NA,NA,NA,NA,NA,NA,NA,NA,NA,NA,NA,NA,NA,NA,NA,NA,NA,NA,0.4,1,NA,NA,1.4,NA,NA,NA,NA,"WDL",NA,"TKP","TP","China","C",NA,35.38854262,93.50727106,4476,0.010338611,2.3,NA,NA,153,-4.1166667441527,234,"pond","pond","pond","depth_1_5","depth_1_5",NA
"3493",16153,"Small lakes",NA,"July","Summer","1988",NA,NA,NA,NA,NA,NA,NA,NA,NA,NA,NA,NA,NA,NA,NA,NA,NA,NA,NA,NA,NA,4.8125,7,NA,NA,NA,NA,NA,NA,NA,"Yukon-Kuskokwim Delta",NA,"TKL","Alaska","USA","C","Tundra",60.46,-161.45,26,5,NA,NA,NA,130,-0.316666617989544,494,"lake","medium_lake","lake",NA,NA,NA
"3502",16157,"View Lake",NA,"October-November","Winter","2007/2009/2011/2012/2013/2014/2015",NA,NA,NA,NA,NA,NA,NA,NA,NA,NA,NA,NA,NA,NA,NA,NA,NA,NA,NA,NA,NA,NA,0.015625,NA,NA,NA,NA,NA,NA,NA,"View Lake",460659,"GP","Alaska","USA","D","Boreal forest",64.809078,-147.668936,176,0.2682,15.5,4.6,NA,NA,-2.85000007847945,321,"medium_lake","small_lake","small_lake","depth_15","depth_10",NA
"3503",16158,"Bonnie Lake",NA,"October-November","Winter","2007/2009/2011/2012/2013/2014/2015",NA,NA,NA,NA,NA,NA,NA,NA,NA,NA,NA,NA,NA,NA,NA,NA,NA,NA,NA,NA,NA,NA,0,NA,NA,NA,NA,NA,NA,NA,"Bonnie Lake",460859,"GP","Alaska","USA","D","Boreal forest",64.803912,-147.671306,169,0.1232,4.9,3.6,NA,NA,-2.92500000695387,319,"small_lake","small_lake","small_lake","depth_1_5","depth_1_5",NA
"3504",16159,"L3",NA,"October","Winter","2009",NA,NA,NA,NA,NA,NA,NA,NA,NA,NA,NA,NA,NA,NA,NA,NA,NA,NA,NA,NA,NA,NA,0.00875,NA,NA,NA,NA,NA,NA,NA,"L3",21631,"GP","Alaska","USA","C","Tundra",70.416224,-157.42265,19,2.5282,13.38199,2.5,NA,NA,-10.5666666328907,137,"lake","medium_lake","medium_lake","depth_5_15","depth_10",NA
"3505",16160,"L4",NA,"October","Winter","2009",NA,NA,NA,NA,NA,NA,NA,NA,NA,NA,NA,NA,NA,NA,NA,NA,NA,NA,NA,NA,NA,NA,0,NA,NA,NA,NA,NA,NA,NA,"L4",NA,"GP","Alaska","USA","C","Tundra",70.444979,-157.441988,17,0.0753,NA,NA,NA,NA,-10.6083332200845,137,"small_lake","pond","small_lake",NA,NA,NA
"3506",16161,"L5",NA,"October","Winter","2009",NA,NA,NA,NA,NA,NA,NA,NA,NA,NA,NA,NA,NA,NA,NA,NA,NA,NA,NA,NA,NA,NA,0,NA,NA,NA,NA,NA,NA,NA,"L5",227520,"GP","Alaska","USA","C","Tundra",70.450059,-157.440818,16,0.5145,8.727161,3,NA,NA,-10.6249998807907,134,"medium_lake","small_lake","medium_lake","depth_5_15","depth_5_10",NA
"3507",16162,"L6",NA,"October","Winter","2009",NA,NA,NA,NA,NA,NA,NA,NA,NA,NA,NA,NA,NA,NA,NA,NA,NA,NA,NA,NA,NA,NA,0,NA,NA,NA,NA,NA,NA,NA,"L6",227117,"GP","Alaska","USA","C","Tundra",70.458642,-157.458674,17,0.5726,9.394154,2.9,NA,NA,-10.6249998708566,133,"medium_lake","small_lake","medium_lake","depth_5_15","depth_5_10",NA
"3508",16163,"New Lake",NA,"October","Winter","2009",NA,NA,NA,NA,NA,NA,NA,NA,NA,NA,NA,NA,NA,NA,NA,NA,NA,NA,NA,NA,NA,NA,0,NA,NA,NA,NA,NA,NA,NA,"New Lake",21711,"GP","Alaska","USA","C","Tundra",70.386138,-157.40734,21,1.4869,11.12234,1.7,NA,NA,-10.541666607062,137,"medium_lake","medium_lake","medium_lake","depth_5_15","depth_10",NA
"3509",16164,"Coffee Lake",NA,"October","Winter","2009",NA,NA,NA,NA,NA,NA,NA,NA,NA,NA,NA,NA,NA,NA,NA,NA,NA,NA,NA,NA,NA,NA,0,NA,NA,NA,NA,NA,NA,NA,"Coffee Lake",229297,"GP","Alaska","USA","C","Tundra",70.387559,-157.390314,19,0.2365,14.49275,2.3,NA,NA,-10.541666607062,137,"medium_lake","small_lake","small_lake","depth_5_15","depth_10",NA
"3510",16165,"Ikroavik  Lake",NA,"October","Winter","2009/2011",NA,NA,NA,NA,NA,NA,NA,NA,NA,NA,NA,NA,NA,NA,NA,NA,NA,NA,NA,NA,NA,NA,0.048125,NA,NA,NA,NA,NA,NA,NA,"Ikroavik  Lake",19674,"GP","Alaska","USA","C","Tundra",71.237074,-156.643603,9,5.2388,2.3,1.6,NA,NA,-11.9166667337219,116,"lake","medium_lake","lake","depth_1_5","depth_1_5",NA
"3511",16166,"Gull Lake",NA,"October","Winter","2009/2011",NA,NA,NA,NA,NA,NA,NA,NA,NA,NA,NA,NA,NA,NA,NA,NA,NA,NA,NA,NA,NA,NA,1.7625,NA,NA,NA,NA,NA,NA,NA,"Gull Lake",210958,"GP","Alaska","USA","C","Tundra",71.229724,-156.679205,11,0.5264,3.6,2.1,NA,NA,-11.9166667337219,115,"medium_lake","small_lake","medium_lake","depth_1_5","depth_1_5",NA
"3512",16167,"Pipeline Lake",NA,"October","Winter","2009/2011",NA,NA,NA,NA,NA,NA,NA,NA,NA,NA,NA,NA,NA,NA,NA,NA,NA,NA,NA,NA,NA,NA,0.44875,NA,NA,NA,NA,NA,NA,NA,"Pipeline Lake",211880,"GP","Alaska","USA","C","Tundra",71.168611,-156.79155,14,0.7099,1.5,2.2,NA,NA,-11.8500000139078,111,"medium_lake","small_lake","medium_lake","depth_1_5","depth_1_5",NA
"3513",16168,"Sukok Lake",NA,"October","Winter","2009/2011",NA,NA,NA,NA,NA,NA,NA,NA,NA,NA,NA,NA,NA,NA,NA,NA,NA,NA,NA,NA,NA,NA,0,NA,NA,NA,NA,NA,NA,NA,"Sukok Lake",1931,"GP","Alaska","USA","C","Tundra",71.056441,-156.805197,9,18.1596,24.85823,1,NA,NA,-11.6333332608143,111,"lake","lake","lake","depth_15","depth_10",NA
"3514",16169,"NE14",NA,"October","Winter","2004/2007/2009",NA,NA,NA,NA,NA,NA,NA,NA,NA,NA,NA,NA,NA,NA,NA,NA,NA,NA,NA,NA,NA,NA,0.16375,NA,NA,NA,NA,NA,NA,NA,"NE14",289246,"GP","Alaska","USA","C","Boreal forest",68.674453,-149.627017,690,0.2081,7.425598,4.6,NA,NA,-9.72499977300564,235,"medium_lake","small_lake","small_lake","depth_5_15","depth_5_10",NA
"3515",16170,"Toolik Lake",NA,"October","Winter","2004/2007/2009",NA,NA,NA,NA,NA,NA,NA,NA,NA,NA,NA,NA,NA,NA,NA,NA,NA,NA,NA,NA,NA,NA,0.103125,NA,NA,NA,NA,NA,NA,NA,"Toolik Lake",27897,"GP","Alaska","USA","C","Boreal forest",68.631678,-149.608806,727,1.3757,24,6.6,NA,NA,-9.52500005314748,237,"medium_lake","medium_lake","medium_lake","depth_15","depth_10",NA
"3516",16171,"Lake Qalluuraq",NA,"October","Winter","2009",NA,NA,NA,NA,NA,NA,NA,NA,NA,NA,NA,NA,NA,NA,NA,NA,NA,NA,NA,NA,NA,NA,0.015,NA,NA,NA,NA,NA,NA,NA,"Lake Qalluuraq",229679,"GP","Alaska","USA","C","Tundra",70.377705,-157.344806,16,0.9587,2.3,2.9,NA,NA,-10.541666607062,140,"medium_lake","small_lake","medium_lake","depth_1_5","depth_1_5",NA
"3517",16172,"Claudi Outer",NA,"October-November","Winter","2008-2009",NA,NA,NA,NA,NA,NA,NA,NA,NA,NA,NA,NA,NA,NA,NA,NA,NA,NA,NA,NA,NA,NA,5.41375,NA,NA,NA,NA,NA,NA,NA,"Claudi Outer",382484,"TKL","Alaska","USA","C","Tundra",66.551082,-164.451468,23,0.1471,8.8,4.1,NA,NA,-4.96666660408178,317,"small_lake","small_lake","small_lake","depth_5_15","depth_5_10",NA
"3518",16173,"Claudi Center",NA,"October-November","Winter","2008-2009",NA,NA,NA,NA,NA,NA,NA,NA,NA,NA,NA,NA,NA,NA,NA,NA,NA,NA,NA,NA,NA,NA,0.095625,NA,NA,NA,NA,NA,NA,NA,"Claudi Center",382484,"TKL","Alaska","USA","C","Tundra",66.549172,-164.451593,24,0.0365,8.8,4.1,NA,NA,-4.95833339790503,314,"small_lake","pond","pond","depth_5_15","depth_5_10",NA
"3519",16174,"Rhonda Lake",NA,"October-November","Winter","2008-2009",NA,NA,NA,NA,NA,NA,NA,NA,NA,NA,NA,NA,NA,NA,NA,NA,NA,NA,NA,NA,NA,NA,4.8625,NA,NA,NA,NA,NA,NA,NA,"Rhonda Lake",381931,"TKL","Alaska","USA","C","Tundra",66.561736,-164.469108,15,0.7474,1.6,3.2,NA,NA,-4.96666672329108,315,"medium_lake","small_lake","medium_lake","depth_1_5","depth_1_5",NA
"3520",16175,"Kim Lake",NA,"October-November","Winter","2008-2009",NA,NA,NA,NA,NA,NA,NA,NA,NA,NA,NA,NA,NA,NA,NA,NA,NA,NA,NA,NA,NA,NA,1.59,NA,NA,NA,NA,NA,NA,NA,"Kim Lake",384071,"TKL","Alaska","USA","C","Tundra",66.514417,-164.256801,18,0.6082,3.3,4.9,NA,NA,-4.91666652758916,313,"medium_lake","small_lake","medium_lake","depth_1_5","depth_1_5",NA
"3521",16176,"Owl Lake",NA,"October-November","Winter","2008-2009",NA,NA,NA,NA,NA,NA,NA,NA,NA,NA,NA,NA,NA,NA,NA,NA,NA,NA,NA,NA,NA,NA,0.104375,NA,NA,NA,NA,NA,NA,NA,"Owl Lake",384672,"TKL","Alaska","USA","C","Tundra",66.502846,-164.237156,20,0.6298,3.5,4.2,NA,NA,-4.89999986936649,313,"medium_lake","small_lake","medium_lake","depth_1_5","depth_1_5",NA
"3522",16177,"Jaeger Lake",NA,"October-November","Winter","2008-2009",NA,NA,NA,NA,NA,NA,NA,NA,NA,NA,NA,NA,NA,NA,NA,NA,NA,NA,NA,NA,NA,NA,3.9,NA,NA,NA,NA,NA,NA,NA,"Jaeger Lake",384849,"TKL","Alaska","USA","C","Tundra",66.500846,-164.257267,20,0.2221,13.3,3.4,NA,NA,-4.91666659961145,314,"medium_lake","small_lake","small_lake","depth_5_15","depth_10",NA
"3523",16178,"Star Lake",NA,"October-November","Winter","2007/2009/2011/2012/2013/2014/2015",NA,NA,NA,NA,NA,NA,NA,NA,NA,NA,NA,NA,NA,NA,NA,NA,NA,NA,NA,NA,NA,NA,5.190625,NA,NA,NA,NA,NA,NA,NA,"Star Lake",NA,"GP","Alaska","USA","D","Boreal forest",64.881348,-147.765773,163,0.0148,1.3,NA,NA,NA,-2.49166661004226,307,"pond","pond","pond","depth_1_5","depth_1_5",NA
"3524",16179,"OGrady",NA,"October-November","Winter","2007/2009/2011/2012/2013/2014/2015",NA,NA,NA,NA,NA,NA,NA,NA,NA,NA,NA,NA,NA,NA,NA,NA,NA,NA,NA,NA,NA,NA,0.05875,NA,NA,NA,NA,NA,NA,NA,"OGrady",NA,"GP","Alaska","USA","D","Boreal forest",64.847474,-147.800638,150,0.0612,NA,NA,NA,NA,-2.5833332935969,308,"small_lake","pond","small_lake",NA,NA,NA
"3525",16180,"Cakeater",NA,"October","Winter","2009/2011",NA,NA,NA,NA,NA,NA,NA,NA,NA,NA,NA,NA,NA,NA,NA,NA,NA,NA,NA,NA,NA,NA,0.985625,NA,NA,NA,NA,NA,NA,NA,"Cakeater",NA,"GP","Alaska","USA","C","Tundra",71.278344,-156.632122,7,0.0892,1.5,NA,NA,NA,-11.9749999791384,109,"small_lake","pond","small_lake","depth_1_5","depth_1_5",NA
"3526",16183,"NE1",NA,"October","Winter","2004/2007/2009",NA,NA,NA,NA,NA,NA,NA,NA,NA,NA,NA,NA,NA,NA,NA,NA,NA,NA,NA,NA,NA,NA,0,NA,NA,NA,NA,NA,NA,NA,"NE1",NA,"GP","Alaska","USA","C","Boreal forest",68.64352,-149.59,716,0.0128,1.1,NA,NA,NA,-9.59166662643353,237,"pond","pond","pond","depth_1_5","depth_1_5",NA
"3527",16184,"E5_Oil_Spill",NA,"October","Winter","2004/2007/2009",NA,NA,NA,NA,NA,NA,NA,NA,NA,NA,NA,NA,NA,NA,NA,NA,NA,NA,NA,NA,NA,NA,0.11875,NA,NA,NA,NA,NA,NA,NA,"E5_Oil_Spill",290317,"GP","Alaska","USA","C","Boreal forest",68.642306,-149.458296,818,0.0909,11.9,NA,NA,NA,-9.86666650573412,238,"small_lake","pond","small_lake","depth_5_15","depth_10",NA
"3528",16188,"Duece Lake",NA,"October-November","Winter","2007/2009/2011/2012/2013/2014/2015",NA,NA,NA,NA,NA,NA,NA,NA,NA,NA,NA,NA,NA,NA,NA,NA,NA,NA,NA,NA,NA,NA,6.8775,NA,NA,NA,NA,NA,NA,NA,"Duece Lake",NA,"TKL","Alaska","USA","D","Boreal forest",64.863794,-147.939625,201,0.0207,6,NA,NA,NA,-2.65833330154418,299,"small_lake","pond","pond","depth_5_15","depth_5_10",NA
"3529",16189,"Ace Lake",NA,"October-November","Winter","2007/2009/2011/2012/2013/2014/2015",NA,NA,NA,NA,NA,NA,NA,NA,NA,NA,NA,NA,NA,NA,NA,NA,NA,NA,NA,NA,NA,NA,6.94,NA,NA,NA,NA,NA,NA,NA,"Ace Lake",NA,"TKP","Alaska","USA","D","Boreal forest",64.862144,-147.935288,193,0.0626,7,NA,NA,NA,-2.65833330154418,299,"small_lake","pond","small_lake","depth_5_15","depth_5_10",NA
"3530",16190,"Cranberry Lake",NA,"October-November","Winter","2007/2009/2011/2012/2013/2014/2015",NA,NA,NA,NA,NA,NA,NA,NA,NA,NA,NA,NA,NA,NA,NA,NA,NA,NA,NA,NA,NA,NA,7.0025,NA,NA,NA,NA,NA,NA,NA,"Cranberry Lake",NA,"TKP","Alaska","USA","D","Boreal forest",64.936942,-147.82012,255,0.0057,8,NA,NA,145,-2.55000001192092,304,"pond","medium_pond","pond","depth_5_15","depth_5_10",NA
"3531",16191,"Goldstream Lake",NA,"October-November","Winter","2007/2009/2011/2012/2013/2014/2015",NA,NA,NA,NA,NA,NA,NA,NA,NA,NA,NA,NA,NA,NA,NA,NA,NA,NA,NA,NA,NA,NA,7.065,NA,NA,NA,NA,NA,NA,NA,"Goldstream Lake",NA,"TKP","Alaska","USA","D","Boreal forest",64.915733,-147.848067,251,0.0069,9,NA,NA,NA,-2.56666676203409,301,"pond","medium_pond","pond","depth_5_15","depth_5_10",NA
"3532",16192,"Killarney Lake",NA,"October-November","Winter","2007/2009/2011/2012/2013/2014/2015",NA,NA,NA,NA,NA,NA,NA,NA,NA,NA,NA,NA,NA,NA,NA,NA,NA,NA,NA,NA,NA,NA,7.1275,NA,NA,NA,NA,NA,NA,NA,"Killarney Lake",NA,"TKP","Alaska","USA","D","Boreal forest",64.86976,-147.901561,190,0.0061,10,NA,NA,NA,-2.72500021258991,298,"pond","medium_pond","pond","depth_5_15","depth_10",NA
"3533",16193,"Smith Lake",NA,"October-November","Winter","2007/2009/2011/2012/2013/2014/2015",NA,NA,NA,NA,NA,NA,NA,NA,NA,NA,NA,NA,NA,NA,NA,NA,NA,NA,NA,NA,NA,NA,7.19,NA,NA,NA,NA,NA,NA,NA,"Smith Lake",NA,"TKL","Alaska","USA","D","Boreal forest",64.865184,-147.866681,173,0.0936,11,NA,NA,NA,-2.74166650076708,299,"small_lake","pond","small_lake","depth_5_15","depth_10",NA
"3534",16194,"Doughnut Lake",NA,"October-November","Winter","2007/2009/2011/2012/2013/2014/2015",NA,NA,NA,NA,NA,NA,NA,NA,NA,NA,NA,NA,NA,NA,NA,NA,NA,NA,NA,NA,NA,NA,4.580625,NA,NA,NA,NA,NA,NA,NA,"Doughnut Lake",NA,"TKL","Alaska","USA","D","Boreal forest",64.898289,-147.908978,271,0.0268,2.2,NA,NA,NA,-2.64166680971781,301,"small_lake","pond","pond","depth_1_5","depth_1_5",NA
"3535",16195,"Goose Lake",NA,"October-November","Winter","2007/2009/2011/2012/2013/2014/2015",NA,NA,NA,NA,NA,NA,NA,NA,NA,NA,NA,NA,NA,NA,NA,NA,NA,NA,NA,NA,NA,NA,3.181875,NA,NA,NA,NA,NA,NA,NA,"Goose Lake",NA,"TKL","Alaska","USA","D","Boreal forest",64.91254,-147.848902,247,0.0277,4.3,NA,NA,NA,-2.56666676203409,301,"small_lake","pond","pond","depth_1_5","depth_1_5",NA
"3536",16196,"North Octopus",NA,"October-November","Winter","2007/2009/2011/2012/2013/2014/2015",NA,NA,NA,NA,NA,NA,NA,NA,NA,NA,NA,NA,NA,NA,NA,NA,NA,NA,NA,NA,NA,NA,7.111875,NA,NA,NA,NA,NA,NA,NA,"North Octopus",NA,"TKL","Alaska","USA","D","Boreal forest",64.908206,-147.860174,251,0.0138,3.1,NA,NA,NA,-2.65000009536743,300,"pond","pond","pond","depth_1_5","depth_1_5",NA
"3537",16197,"South Octopus",NA,"October-November","Winter","2007/2009/2011/2012/2013/2014/2015",NA,NA,NA,NA,NA,NA,NA,NA,NA,NA,NA,NA,NA,NA,NA,NA,NA,NA,NA,NA,NA,NA,16.67375,NA,NA,NA,NA,NA,NA,NA,"South Octopus",NA,"TKP","Alaska","USA","D","Boreal forest",64.907073,-147.860661,249,0.008,3.3,NA,NA,NA,-2.65000009536743,300,"pond","medium_pond","pond","depth_1_5","depth_1_5",NA
"3538",16198,"Little Octopus",NA,"October-November","Winter","2007/2009/2011/2012/2013/2014/2015",NA,NA,NA,NA,NA,NA,NA,NA,NA,NA,NA,NA,NA,NA,NA,NA,NA,NA,NA,NA,NA,NA,15.220625,NA,NA,NA,NA,NA,NA,NA,"Little Octopus",NA,"TKP","Alaska","USA","D","Boreal forest",64.906474,-147.85728,245,0.0082,NA,NA,NA,NA,-2.64166661103566,300,"pond","medium_pond","pond",NA,NA,NA
"3539",16199,"Flag Lake",NA,"October-November","Winter","2007/2009/2011/2012/2013/2014/2015",NA,NA,NA,NA,NA,NA,NA,NA,NA,NA,NA,NA,NA,NA,NA,NA,NA,NA,NA,NA,NA,NA,0.146875,NA,NA,NA,NA,NA,NA,NA,"Flag Lake",NA,"TKP","Alaska","USA","D","Boreal forest",64.912978,-147.856957,256,0.0048,3.5,NA,NA,NA,-2.55000003178914,300,"pond","medium_pond","medium_pond","depth_1_5","depth_1_5",NA
"3540",16200,"Cocker Gap",NA,"October-November","Winter","2008-2009",NA,NA,NA,NA,NA,NA,NA,NA,NA,NA,NA,NA,NA,NA,NA,NA,NA,NA,NA,NA,NA,NA,4.479375,NA,NA,NA,NA,NA,NA,NA,"Cocker Gap",NA,"TKL","Alaska","USA","C","Tundra",66.561886,-164.453035,18,0.0161,5.4,NA,NA,NA,-4.97499996920426,316,"pond","pond","pond","depth_5_15","depth_5_10",NA
"3541",16201,"Fox Den",NA,"October-November","Winter","2008-2009",NA,NA,NA,NA,NA,NA,NA,NA,NA,NA,NA,NA,NA,NA,NA,NA,NA,NA,NA,NA,NA,NA,4.858125,NA,NA,NA,NA,NA,NA,NA,"Fox Den",NA,"TKP","Alaska","USA","C","Tundra",66.558695,-164.456391,19,0.0092,2.4,NA,NA,NA,-4.97499996920426,316,"pond","medium_pond","pond","depth_1_5","depth_1_5",NA
"3542",16202,"West Island",NA,"October-November","Winter","2008-2009",NA,NA,NA,NA,NA,NA,NA,NA,NA,NA,NA,NA,NA,NA,NA,NA,NA,NA,NA,NA,NA,NA,0,NA,NA,NA,NA,NA,NA,NA,"West Island",NA,"TKL","Alaska","USA","C","Tundra",66.51166,-164.32506,20,0.0299,NA,NA,NA,NA,-4.96666663885116,316,"small_lake","pond","pond",NA,NA,NA
"3543",16203,"Tea Lake",NA,"October-November","Winter","2008-2009",NA,NA,NA,NA,NA,NA,NA,NA,NA,NA,NA,NA,NA,NA,NA,NA,NA,NA,NA,NA,NA,NA,5.079375,NA,NA,NA,NA,NA,NA,NA,"Tea Lake",NA,"TKP","Alaska","USA","C","Tundra",66.50262,-164.329808,24,0.0075,5.9,NA,NA,NA,-4.98333328962326,316,"pond","medium_pond","pond","depth_5_15","depth_5_10",NA
"3544",16204,"Three Loon",NA,"October-November","Winter","2008-2009",NA,NA,NA,NA,NA,NA,NA,NA,NA,NA,NA,NA,NA,NA,NA,NA,NA,NA,NA,NA,NA,NA,3.58625,NA,NA,NA,NA,NA,NA,NA,"Three Loon",NA,"TKL","Alaska","USA","C","Tundra",66.495735,-164.254396,21,0.0788,9,NA,NA,NA,-4.91666663934788,313,"small_lake","pond","small_lake","depth_5_15","depth_5_10",NA
"3580",16225,"Jankalaisenlampi",NA,"May","Spring","1994",NA,NA,NA,NA,NA,NA,NA,NA,NA,NA,NA,NA,NA,NA,NA,NA,NA,NA,NA,NA,NA,4.5625,0,NA,NA,4.5625,60,NA,60,0.00186363636363636,"Jankalaisenlampi",NA,"Pond","Scandinavian","Finland","S","Peatland",67.166667,27.6666667,175,0.01,3.2,NA,NA,185,-0.6333333576719,507,"pond","pond","pond","depth_1_5","depth_1_5",NA
"3586",16226,"Kotsamolampi",NA,"June","Spring","1995",NA,NA,NA,NA,NA,NA,NA,NA,NA,NA,NA,NA,NA,NA,NA,NA,NA,NA,NA,NA,NA,0.2125,0,NA,NA,0.2125,-0.818181818181818,NA,-0.818181818181818,-0.000704545454545455,"Kotsamolampi",NA,"Pond","Scandinavian","Finland","S","Peatland",68.0833333,27.1,278,0.01,1.8,NA,NA,185,-1.4416667819023,508,"pond","pond","pond","depth_1_5","depth_1_5",NA
"5171",16229,"Pool 1",NA,"May-August","Spring/Summer","2003-2005",NA,NA,NA,NA,NA,NA,NA,NA,NA,NA,NA,NA,NA,NA,NA,NA,NA,NA,NA,NA,NA,7.1493125,1.51652083333333,NA,NA,8.66583333333333,4.64583333333333,NA,4.64583333333333,NA,"Pool 1",NA,"Pond","Quebec","Canada","S","Tundra",53.65062649,-77.7368048,186,0.003363,NA,0.75,NA,174,-2.47500000397365,686,"pond","medium_pond","medium_pond",NA,NA,NA
"5172",16230,"Pool 2",NA,"May-August","Spring/Summer","2003-2005",NA,NA,NA,NA,NA,NA,NA,NA,NA,NA,NA,NA,NA,NA,NA,NA,NA,NA,NA,NA,NA,5.396875,1.14479166666667,NA,NA,6.54166666666667,11.5258333333333,NA,11.5258333333333,NA,"Pool 2",NA,"Pond","Quebec","Canada","S","Tundra",53.65062683,-77.73680412,186,0.003489,NA,0.7,NA,174,-2.47500000397365,686,"pond","medium_pond","medium_pond",NA,NA,NA
"5173",16231,"Pool 3",NA,"May-August","Spring/Summer","2003-2005",NA,NA,NA,NA,NA,NA,NA,NA,NA,NA,NA,NA,NA,NA,NA,NA,NA,NA,NA,NA,NA,21.335875,4.52579166666667,NA,NA,25.8616666666667,11.765,NA,11.765,NA,"Pool 3",NA,"Pond","Quebec","Canada","S","Tundra",53.65062617,-77.73680495,186,0.000598,NA,0.65,NA,174,-2.47500000397365,686,"medium_pond","small_pond","medium_pond",NA,NA,NA
"5174",16232,"Pool 4",NA,"May-August","Spring/Summer","2003-2005",NA,NA,NA,NA,NA,NA,NA,NA,NA,NA,NA,NA,NA,NA,NA,NA,NA,NA,NA,NA,NA,5.088875,1.07945833333333,NA,NA,6.16833333333333,18.5433333333333,NA,18.5433333333333,NA,"Pool 4",NA,"Pond","Quebec","Canada","S","Tundra",53.65062654,-77.73680438,186,0.000359,NA,0.4,NA,174,-2.47500000397365,686,"medium_pond","small_pond","small_pond",NA,NA,NA
"5175",16233,"Pool 5",NA,"May-August","Spring/Summer","2003-2005",NA,NA,NA,NA,NA,NA,NA,NA,NA,NA,NA,NA,NA,NA,NA,NA,NA,NA,NA,NA,NA,1.153625,0.244708333333333,NA,NA,1.39833333333333,3.03583333333333,NA,3.03583333333333,NA,"Pool 5",NA,"Pond","Quebec","Canada","S","Tundra",53.65062691,-77.7368047,186,0.002216,NA,0.75,NA,174,-2.47500000397365,686,"pond","medium_pond","medium_pond",NA,NA,NA
"5176",16234,"Pool 6",NA,"May-August","Spring/Summer","2003-2005",NA,NA,NA,NA,NA,NA,NA,NA,NA,NA,NA,NA,NA,NA,NA,NA,NA,NA,NA,NA,NA,2.404875,0.510125,NA,NA,2.915,7.34,NA,7.34,NA,"Pool 6",NA,"Pond","Quebec","Canada","S","Tundra",53.65062629,-77.73680426,186,0.001362,NA,0.7,NA,174,-2.47500000397365,686,"medium_pond","medium_pond","medium_pond",NA,NA,NA
"5177",16235,"Pool 7",NA,"May-August","Spring/Summer","2003-2005",NA,NA,NA,NA,NA,NA,NA,NA,NA,NA,NA,NA,NA,NA,NA,NA,NA,NA,NA,NA,NA,4.2411875,0.899645833333333,NA,NA,5.14083333333333,8.11833333333333,NA,8.11833333333333,NA,"Pool 7",NA,"Pond","Quebec","Canada","S","Tundra",53.65062675,-77.73680463,186,0.000522,NA,0.55,NA,174,-2.47500000397365,686,"medium_pond","small_pond","medium_pond",NA,NA,NA
"5178",16236,"Pool 8",NA,"May-August","Spring/Summer","2003-2005",NA,NA,NA,NA,NA,NA,NA,NA,NA,NA,NA,NA,NA,NA,NA,NA,NA,NA,NA,NA,NA,7.7336875,1.64047916666667,NA,NA,9.37416666666667,5.485,NA,5.485,NA,"Pool 8",NA,"Pond","Quebec","Canada","S","Tundra",53.65062638,-77.73680489,186,0.000344,NA,0.3,NA,174,-2.47500000397365,686,"medium_pond","small_pond","small_pond",NA,NA,NA
"5179",16237,"Pool 9",NA,"May-August","Spring/Summer","2003-2005",NA,NA,NA,NA,NA,NA,NA,NA,NA,NA,NA,NA,NA,NA,NA,NA,NA,NA,NA,NA,NA,4.379375,0.928958333333333,NA,NA,5.30833333333333,12.2808333333333,NA,12.2808333333333,NA,"Pool 9",NA,"Pond","Quebec","Canada","S","Tundra",53.65062662,-77.73680445,186,0.001248,NA,0.45,NA,174,-2.47500000397365,686,"medium_pond","medium_pond","medium_pond",NA,NA,NA
"5180",16238,"Pool 10",NA,"May-August","Spring/Summer","2003-2005",NA,NA,NA,NA,NA,NA,NA,NA,NA,NA,NA,NA,NA,NA,NA,NA,NA,NA,NA,NA,NA,2.3890625,0.506770833333333,NA,NA,2.89583333333333,11.1441666666667,NA,11.1441666666667,NA,"Pool 10",NA,"Pond","Quebec","Canada","S","Tundra",53.65062647,-77.73680418,186,0.001969,NA,0.45,NA,174,-2.47500000397365,686,"medium_pond","medium_pond","medium_pond",NA,NA,NA
"5181",16239,"Pool 11",NA,"May-August","Spring/Summer","2003-2005",NA,NA,NA,NA,NA,NA,NA,NA,NA,NA,NA,NA,NA,NA,NA,NA,NA,NA,NA,NA,NA,7.5735,1.6065,NA,NA,9.18,NA,NA,NA,NA,"Pool 11",NA,"Pond","Quebec","Canada","S","Tundra",53.65062696,-77.73680457,186,0.000461,NA,0.35,NA,174,-2.47500000397365,686,"medium_pond","small_pond","small_pond",NA,NA,NA
"5182",16240,"Pool 12",NA,"May-August","Spring/Summer","2003-2005",NA,NA,NA,NA,NA,NA,NA,NA,NA,NA,NA,NA,NA,NA,NA,NA,NA,NA,NA,NA,NA,9.4373125,2.00185416666667,NA,NA,11.4391666666667,9.59166666666667,NA,9.59166666666667,NA,"Pool 12",NA,"Pond","Quebec","Canada","S","Tundra",53.65062613,-77.73680431,186,9.9e-05,NA,0.35,NA,174,-2.47500000397365,686,"small_pond","small_pond","small_pond",NA,NA,NA
"5183",16241,"Pool 13",NA,"May-August","Spring/Summer","2003-2005",NA,NA,NA,NA,NA,NA,NA,NA,NA,NA,NA,NA,NA,NA,NA,NA,NA,NA,NA,NA,NA,15.668125,3.32354166666667,NA,NA,18.9916666666667,9.025,NA,9.025,NA,"Pool 13",NA,"Pond","Quebec","Canada","S","Tundra",53.6506268,-77.73680492,186,0.007391,NA,0.55,NA,174,-2.47500000397365,686,"pond","medium_pond","pond",NA,NA,NA
"5184",16242,"Pool 14",NA,"May-August","Spring/Summer","2003-2005",NA,NA,NA,NA,NA,NA,NA,NA,NA,NA,NA,NA,NA,NA,NA,NA,NA,NA,NA,NA,NA,2.4523125,0.5201875,NA,NA,2.9725,2.19416666666667,NA,2.19416666666667,NA,"Pool 14",NA,"Pond","Quebec","Canada","S","Tundra",53.65062624,-77.73680467,186,0.000558,NA,0.6,NA,174,-2.47500000397365,686,"medium_pond","small_pond","medium_pond",NA,NA,NA
"5185",16243,"Pool 15",NA,"May-August","Spring/Summer","2003-2005",NA,NA,NA,NA,NA,NA,NA,NA,NA,NA,NA,NA,NA,NA,NA,NA,NA,NA,NA,NA,NA,16.5804375,3.5170625,NA,NA,20.0975,17.5466666666667,NA,17.5466666666667,NA,"Pool 15",NA,"Pond","Quebec","Canada","S","Tundra",53.65062669,-77.73680422,186,0.00019,NA,0.3,NA,174,-2.47500000397365,686,"small_pond","small_pond","small_pond",NA,NA,NA
"5186",16244,"Pool 16",NA,"May-August","Spring/Summer","2003-2005",NA,NA,NA,NA,NA,NA,NA,NA,NA,NA,NA,NA,NA,NA,NA,NA,NA,NA,NA,NA,NA,2.6255625,0.5569375,NA,NA,3.1825,30.0675,NA,30.0675,NA,"Pool 16",NA,"Pond","Quebec","Canada","S","Tundra",53.65062658,-77.7368048,186,1.5e-05,NA,0.45,NA,174,-2.47500000397365,686,"small_pond","small_pond","small_pond",NA,NA,NA
"5362",16299,"EVV Upper lake","EVV Upper lake","July","Summer","2014",0.756,NA,NA,NA,NA,NA,NA,NA,NA,NA,NA,NA,NA,NA,NA,NA,NA,NA,NA,NA,NA,3.791875,0.5771875,NA,NA,4.3690625,NA,NA,NA,NA,"EVV Upper lake",NA,"Pond","Greenland","Denmark","C",NA,67.087778,-50.287222,271,0.002,5.4,1.8,NA,92,-5.58333318432172,222,"pond","medium_pond","medium_pond","depth_5_15","depth_5_10",NA
"6217",16479,"Shallow humic pond","Shallow humic pond","June","Spring","2021",0.089,222.041,0.028,10.75,56,6.81,8.31,NA,NA,NA,NA,NA,219.285714285714,NA,4.29032258064516,2492.5,NA,NA,NA,NA,NA,0.127533758106,2.362601241894,NA,NA,2.490135,76.8950781818182,NA,76.8950781818182,-0.0164906945454545,"Shallow humic pond",NA,"Pond","Northeast","China","C","Boreal forest",53.016111,123.508056,574,0.0012,1.6,NA,NA,NA,-3.49166675408681,485,"medium_pond","medium_pond","medium_pond","depth_1_5","depth_1_5",-0.136322989070123
"6245",16568,"Lokka","L1","August","Summer","1994",0.118,41,0.013,13.4,20,6.9,8.9,NA,NA,NA,0.857142857142857,3.57142857142857,NA,0.354838709677419,NA,NA,NA,143,NA,NA,NA,0.45,3.625,NA,NA,4.075,11.4545454545455,NA,11.4545454545455,0.000363636363636364,"Lokka Reservoir",1049,"Reservoir","Scandinavian","Finland","S",NA,67.8427800877837,27.6882417308118,257,316.5,10,4.5,NA,141,NA,NA,"lake","lake","lake","depth_5_15","depth_10",0.241690397431945
"6262",16569,"Porttipahta",NA,"July","Summer","1995",NA,NA,NA,NA,NA,NA,NA,NA,NA,NA,NA,NA,NA,NA,NA,NA,NA,NA,NA,NA,NA,0.15625,0.04375,NA,NA,0.2,48,NA,48,-5e-04,"Porttipahta Reservoir",1044,"Reservoir","Scandinavian","Finland","S",NA,68,26.75,260,124,34.5,8.7,NA,150,NA,NA,"lake","lake","lake","depth_15","depth_10",NA
"6299",16607,"BLH01","BLH01","August","Summer","2022",0.118360158728675,NA,NA,16.3,9530,8.96,5.93,NA,NA,NA,NA,NA,NA,NA,NA,NA,NA,NA,NA,NA,NA,0.069064703680629,0.000212095640401093,NA,NA,0.0692767993210301,NA,NA,NA,NA,"BLH01",NA,"Pond","TP","China","C","Alpine steppe",34.9797085161635,92.9882601498848,4562,9.98e-06,2.8,NA,NA,NA,NA,NA,"small_pond","small_pond","small_pond","depth_1_5","depth_1_5",0.647433496726997
"6310",16608,"BLH02","BLH02","August","Summer","2022",0.122712820138521,NA,NA,16,2800,9.64,5.88,NA,NA,NA,NA,NA,NA,NA,NA,NA,NA,NA,NA,NA,NA,0.0779209122409915,0.000195910707859674,NA,NA,0.0781168229488512,NA,NA,NA,NA,"BLH02",NA,"Lake","TP","China","C","Alpine steppe",34.9784617815984,92.9854254187972,4562,0.014285,1.76,NA,NA,NA,NA,NA,"pond","pond","pond","depth_1_5","depth_1_5",0.605837492349245
"6329",16610,"FHS01","FHS01","August","Summer","2022",0.746291270376225,NA,NA,14.3,442,10.44,5.2,NA,NA,NA,NA,NA,NA,NA,NA,NA,NA,NA,NA,NA,NA,0.411860844165695,0.0957163315763859,NA,NA,0.507577175742081,NA,NA,NA,NA,"FHS01",NA,"Pond","TP","China","C","Alpine meadow",34.8249063030241,92.9048991587228,4644,0.007056,1.1,NA,NA,NA,NA,NA,"pond","medium_pond","pond","depth_1_5","depth_1_5",0.368486789106491
"6340",16611,"FHS02","FHS02","August","Summer","2022",0.796840623005922,NA,NA,17.5,4100,10.43,6.22,NA,NA,NA,NA,NA,NA,NA,NA,NA,NA,NA,NA,NA,NA,0.555599856661162,2.30171787587786,NA,NA,2.85731773253902,NA,NA,NA,NA,"FHS02",NA,"Pond","TP","China","C","Alpine meadow",34.8247900600012,92.9032889472802,4644,0.001472,1.78,NA,NA,NA,NA,NA,"medium_pond","medium_pond","medium_pond","depth_1_5","depth_1_5",0.812958831883741
"6351",16612,"FHS03","FHS03","August","Summer","2022",1.55347834843208,NA,NA,16.3,567,8.8,5.29,NA,NA,NA,NA,NA,NA,NA,NA,NA,NA,NA,NA,NA,NA,0.928825952452044,0.296371192862314,NA,NA,1.22519714531436,NA,NA,NA,NA,"FHS03",NA,"Pond","TP","China","C","Alpine meadow",34.8248362672917,92.9012578386036,4644,0.000583,2.8,NA,NA,NA,NA,NA,"medium_pond","small_pond","medium_pond","depth_1_5","depth_1_5",0.647433496726997
"6374",16616,"FHS07","FHS07","July","Summer","2022",2.18018782141068,NA,NA,12.5,693,10.13,6.72,NA,NA,NA,NA,NA,NA,NA,NA,NA,NA,NA,NA,NA,NA,1.07571734875336,8.57207872153425,NA,NA,9.64779607028761,NA,NA,NA,NA,"FHS07",NA,"Lake","TP","China","C","Alpine meadow",34.8252041675466,92.9231436745505,4644,0.015406,1.45,NA,NA,NA,NA,NA,"pond","pond","pond","depth_1_5","depth_1_5",0.114095008715523
"6384",16618,"BYKL-1","BYKL-1","August","Summer","2021",0.461120402418581,NA,NA,9.4,591.5,8.24,NA,NA,NA,NA,NA,NA,NA,NA,NA,NA,NA,NA,NA,NA,NA,0.238340269919177,2.15,NA,NA,2.38834026991918,NA,NA,NA,NA,"BYKL-1",NA,"Pond","TP","China","C","Swamp meadow",34.2557666339576,97.8430323767569,4720,0.003689,0.7,NA,NA,NA,NA,NA,"pond","medium_pond","medium_pond","depth_1","depth_1",-0.331622059153474
"6402",16621,"BYKL-5","BYKL-5","August","Summer","2021",0.394109473008923,NA,NA,11.8,517,8.26,NA,NA,NA,NA,NA,NA,NA,NA,NA,NA,NA,NA,NA,NA,NA,0.415129625041997,1.54909285196746,NA,NA,1.96422247700946,NA,NA,NA,NA,"BYKL-5",NA,"Pond","TP","China","C","Swamp meadow",34.1835601453532,97.7872367175713,4600,0.006642,2.5,NA,NA,NA,NA,NA,"pond","medium_pond","pond","depth_1_5","depth_1_5",0.0142969114053315
"6410",16622,"BYKL-7","BYKL-7","August","Summer","2021",0.509235171334696,NA,NA,10.6,467,8.29,NA,NA,NA,NA,NA,NA,NA,NA,NA,NA,NA,NA,NA,NA,NA,0.429276670585902,1.64320666702565,NA,NA,2.07248333761155,NA,NA,NA,NA,"BYKL-7",NA,"Pond","TP","China","C","Swamp meadow",34.1825423682189,97.7851146824828,4600,0.006642,1,NA,NA,NA,NA,NA,"pond","medium_pond","pond","depth_1_5","depth_1_5",-0.157931115257902
"6423",16627,"MD02","MD02","August","Summer","2021",0.462459061793436,NA,NA,12.6,6100,9.2,NA,NA,NA,NA,NA,NA,NA,NA,NA,NA,NA,NA,NA,NA,NA,0.205201326760129,0.74,NA,NA,0.945201326760129,NA,NA,NA,NA,"MD02",NA,"Lake","TP","China","C","Alpine steppe",34.9145589056644,98.5165215729471,4600,0.018287,4.1,NA,NA,NA,NA,NA,"pond","pond","pond","depth_1_5","depth_1_5",0.128311965510193
"6432",16628,"MD03","MD03","August","Summer","2021",0.547566273013298,NA,NA,12.5,1765,8.98,NA,NA,NA,NA,NA,NA,NA,NA,NA,NA,NA,NA,NA,NA,NA,0.272238264875034,2.279,NA,NA,2.55123826487503,NA,NA,NA,NA,"MD03",NA,"Lake","TP","China","C","Alpine steppe",34.9226880051232,98.5261213617747,4600,0.027077,1.3,NA,NA,NA,NA,NA,"small_lake","pond","pond","depth_1_5","depth_1_5",0.114095008715523
"6441",16629,"MD04","MD04","August","Summer","2021",0.985593383449527,NA,NA,11.9,1551,10.29,NA,NA,NA,NA,NA,NA,NA,NA,NA,NA,NA,NA,NA,NA,NA,0.69796225497264,3.0813,NA,NA,3.77926225497264,NA,NA,NA,NA,"MD04",NA,"Pond","TP","China","C","Alpine steppe",34.9196899467874,98.5212706486849,4600,0.005921,1.4,NA,NA,NA,NA,NA,"pond","medium_pond","pond","depth_1_5","depth_1_5",0.0285837916502274
"6450",16630,"QSH01","QSH01","August","Summer","2021",0.937464327244648,NA,NA,11.3,334,9.52,NA,NA,NA,NA,NA,NA,NA,NA,NA,NA,NA,NA,NA,NA,NA,0.713575590426673,2.3040821061553,NA,NA,3.01765769658197,NA,NA,NA,NA,"QSH01",NA,"Pond","TP","China","C","Swamp meadow",34.0794519747687,97.5107516683634,4710,0.004391,1.9,NA,NA,NA,NA,NA,"pond","medium_pond","medium_pond","depth_1_5","depth_1_5",-0.0572881688162852
"6471",16634,"YSP01","YSP01","August","Summer","2022",0.428817397202854,NA,NA,14.6,1314,10.01,8.71,NA,NA,NA,NA,NA,NA,NA,NA,NA,NA,NA,NA,NA,NA,0.222329118682689,0.482787102401922,NA,NA,0.705116221084611,NA,NA,NA,NA,"YSP01",NA,"Lake","TP","China","C","Alpine steppe",33.7572822802529,92.1831745727757,4651,0.018418,1.8,NA,NA,NA,NA,NA,"pond","pond","pond","depth_1_5","depth_1_5",0.410575993895762
"6481",16635,"YSP02","YSP02","August","Summer","2022",0.28848607627049,NA,NA,15.5,2350,9.71,6.92,NA,NA,NA,NA,NA,NA,NA,NA,NA,NA,NA,NA,NA,NA,0.187195715704848,0.239183633257427,NA,NA,0.426379348962275,NA,NA,NA,NA,"YSP02",NA,"Lake","TP","China","C","Alpine steppe",33.7587889798158,92.1868436092107,4651,0.017002,2.2,NA,NA,NA,NA,NA,"pond","pond","pond","depth_1_5","depth_1_5",0.53631867794229
"6501",16637,"YSP04","YSP04","August","Summer","2022",0.196372155710408,NA,NA,17.2,1858,10.07,8.75,NA,NA,NA,NA,NA,NA,NA,NA,NA,NA,NA,NA,NA,NA,0.151124753709096,0.350107459745072,NA,NA,0.501232213454168,NA,NA,NA,NA,"YSP04",NA,"Pond","TP","China","C","Alpine steppe",33.7606640532323,92.1878615449576,4651,0.004316,1.1,NA,NA,NA,NA,NA,"pond","medium_pond","medium_pond","depth_1_5","depth_1_5",0.771705768114913
"6511",16638,"YSP05","YSP05","August","Summer","2022",0.272759423120693,NA,NA,15.95,10370,9.45,6.17,NA,NA,NA,NA,NA,NA,NA,NA,NA,NA,NA,NA,NA,NA,0.1389395391728,0.222973502525441,NA,NA,0.361913041698241,NA,NA,NA,NA,"YSP05",174909,"Lake","TP","China","C","Alpine steppe",33.7893708909221,92.16370236928,4636,2.3,5.9,2.6,NA,NA,NA,NA,"lake","medium_lake","medium_lake","depth_5_15","depth_5_10",0.598896431893145
"6520",16642,"XLH","XLH","May","Spring","2022",NA,NA,NA,8.88,71.96,8.062,7.272,NA,NA,NA,NA,NA,NA,NA,NA,16.6666666666667,NA,347.5,NA,NA,NA,NA,0,NA,NA,0.0127,-3.7,NA,-3.7,NA,"Xingluhao",NA,"Lake","TP","China","G",NA,31.860119,99.110686,3971,2.2371208746,NA,NA,NA,NA,NA,NA,"lake","medium_lake","medium_lake",NA,NA,-0.407347155691042
"6521",16643,"JLC","JLC","May","Spring","2022",NA,NA,NA,5.66666666666667,107.58,8.092,10.26,NA,NA,NA,NA,NA,NA,NA,NA,8.33333333333333,NA,327.5,NA,NA,NA,NA,0,NA,NA,0.0114,-13.8,NA,-13.8,NA,"Jionglacuo",NA,"Lake","TP","China","G",NA,30.672647,94.468142,3904,5.3096909421,NA,NA,NA,NA,NA,NA,"lake","medium_lake","lake",NA,NA,-0.881555129171687
"6522",16644,"SP-in","SP-in","May","Spring","2022",NA,NA,NA,3.65,35.075,8.09,7.775,NA,NA,NA,NA,NA,NA,NA,NA,13.3333333333333,NA,142.5,NA,NA,NA,NA,0,NA,NA,0.0044,-1,NA,-1,NA,"SaPu-inner lake",NA,"Lake","TP","China","G",NA,30.957756,93.800289,4742,1.9370515411,NA,NA,NA,NA,NA,NA,"medium_lake","medium_lake","medium_lake",NA,NA,-1.18478809555039
"6523",16645,"SP-out","SP-out","May","Spring","2022",NA,NA,NA,7.73,80.56,7.652,7.15,NA,NA,NA,NA,NA,NA,NA,NA,14.1666666666667,NA,253.333333333333,NA,NA,NA,NA,0,NA,NA,0.0079,3.2,NA,3.2,NA,"SaPu-outer lake",NA,"Lake","TP","China","G",NA,30.9531,93.803006,4748,1.3391909074,NA,NA,NA,NA,NA,NA,"medium_lake","medium_lake","medium_lake",NA,NA,-0.57581182258064
"6524",16646,"LG","LG","May","Spring","2022",NA,NA,NA,1.97,71.7,9.3276,9.42,NA,NA,NA,NA,NA,NA,NA,NA,10,NA,350.833333333333,NA,NA,NA,NA,0,NA,NA,0.0214,-3.2,NA,-3.2,NA,"Laigu",NA,"Lake","TP","China","G",NA,29.307739,96.817808,3942,2.3776903194,NA,NA,NA,NA,NA,NA,"lake","medium_lake","medium_lake",NA,NA,-1.44079291673263
"6525",16647,"KQGR-up","KQGR-up","May","Spring","2022",NA,NA,NA,5.13888888888889,76.4,8.77,6.76666666666667,NA,NA,NA,NA,NA,NA,NA,NA,29.1666666666667,NA,368.333333333333,NA,NA,NA,NA,0,NA,NA,0.0249,-1.4,NA,-1.4,NA,"Kuoqionggangri-up",NA,"Lake","TP","China","G",NA,29.87192,90.18343,5462,0.04977808092,NA,NA,NA,NA,NA,NA,"small_lake","pond","pond",NA,NA,-0.960489038717569
"6526",16648,"KQGR-down","KQGR-down","May","Spring","2022",NA,NA,NA,8.01111111111111,50.6,8.43,6.36666666666667,NA,NA,NA,NA,NA,NA,NA,NA,57.5,NA,370.833333333333,NA,NA,NA,NA,1.9775,NA,NA,2.1636,-0.5,NA,-0.5,NA,"Kuoqionggangri-down",NA,"Lake","TP","China","G",NA,29.87133136,90.17893261,5453,0.008049,NA,NA,NA,NA,NA,NA,"pond","medium_pond","pond",NA,NA,-0.534504308894803
"6527",16649,"QY","QY","May","Spring","2022",NA,NA,NA,8.65416666666667,193.131841867121,8.56325,6.8625,NA,NA,NA,NA,NA,NA,NA,NA,20,NA,465,NA,NA,NA,NA,0,NA,NA,0.0242,-3.2,NA,-3.2,NA,"Qiangyong",NA,"Lake","TP","China","G",NA,28.892225,90.225464,4848,0.06830938415,NA,NA,NA,NA,NA,NA,"small_lake","pond","small_lake",NA,NA,-0.440321216790217
"6528",16650,"XXJLC","XXJLC","May","Spring","2022",NA,NA,NA,6,88.9,8.59,NA,NA,NA,NA,NA,NA,NA,NA,NA,27.5,NA,613.333333333333,NA,NA,NA,NA,0,NA,NA,NA,NA,NA,NA,NA,"Xixabangma",NA,"Lake","TP","China","G",NA,28.213628,85.852247,4356,0.6005107731,NA,NA,NA,NA,NA,NA,"medium_lake","small_lake","medium_lake",NA,NA,-0.831855918259215
"6529",16651,"YB","YB","May","Spring","2022",NA,NA,NA,0.7,134,8.618,7.26,NA,NA,NA,NA,NA,NA,NA,NA,18.3333333333333,NA,505.833333333333,NA,NA,NA,NA,0,NA,NA,0.0067,-2.6,NA,-2.6,NA,"Yubeng",NA,"Lake","TP","China","G",NA,28.4091276,98.7457747,3850,0.010847,NA,NA,NA,NA,NA,NA,"pond","pond","pond",NA,NA,-1.63640511062379
"6530",16652,"KLKL","KLKL","May","Spring","2022",NA,NA,NA,13.749,289.5,8.0275,9.9575,NA,NA,NA,NA,NA,NA,NA,NA,192.5,NA,1325,NA,NA,NA,NA,0.3432,NA,NA,0.4195,-8.2,NA,-8.2,NA,"Kalakule lake",173407,"Lake","TP","China","G",NA,38.444444,75.050833,3632,4.88,NA,9.7,NA,NA,NA,NA,"lake","medium_lake","medium_lake",NA,NA,0.290953650944743
"6531",16653,"STBL","STBL","May","Spring","2022",NA,NA,NA,13.44735135125,477.26300675,7.91942567575,8.52673986475,NA,NA,NA,NA,NA,NA,NA,NA,458.333333333333,NA,1386.66666666667,NA,NA,NA,NA,3.8712,NA,NA,4.0825,-8.6,NA,-8.6,NA,"Satebailedile",173403,"Lake","TP","China","G",NA,38.469149,75.041199,3630,1.32,NA,10.9,NA,NA,NA,NA,"medium_lake","medium_lake","medium_lake",NA,NA,0.248381333845664
"6532",16654,"TGL","TGL","May","Spring","2022",NA,NA,NA,3.7,393.333333333333,8.52233333333333,9.09,NA,NA,NA,NA,NA,NA,NA,NA,29.1666666666667,NA,310.833333333333,NA,NA,NA,NA,0,NA,NA,0.0351,-10.2,NA,-10.2,NA,"Tanggula",175101,"Lake","TP","China","G",NA,32.917638,91.987152,5200,6.2792728827,NA,4.1,NA,NA,NA,NA,"lake","medium_lake","lake",NA,NA,-1.17721651578788
"6553",16666,"LK-012",NA,"August","Summer","2019",NA,NA,NA,NA,NA,NA,NA,NA,NA,NA,NA,NA,NA,NA,NA,NA,NA,NA,NA,NA,NA,0.105,5.775,NA,NA,5.865,NA,NA,NA,NA,"LK-012",NA,"Lake","Arctic","Russia","D","Tundra",68.9216,70.2825,NA,0.0222,7.3,3.2,NA,NA,NA,NA,"small_lake","pond","pond","depth_5_15","depth_5_10",NA
"6554",16667,"LK-002",NA,"August","Summer","2019",NA,NA,NA,NA,NA,NA,NA,NA,NA,NA,NA,NA,NA,NA,NA,NA,NA,NA,NA,NA,NA,0.09,1.41,NA,NA,1.515,NA,NA,NA,NA,"LK-002",NA,"Lake","Arctic","Russia","D","Tundra",68.9045,70.2977,NA,0.0323,2.3,1.1,NA,NA,NA,NA,"small_lake","pond","pond","depth_1_5","depth_1_5",NA
"6555",16668,"LK-010",NA,"August","Summer","2019",NA,NA,NA,NA,NA,NA,NA,NA,NA,NA,NA,NA,NA,NA,NA,NA,NA,NA,NA,NA,NA,0.36,0.225,NA,NA,0.585,NA,NA,NA,NA,"LK-010",NA,"Lake","Arctic","Russia","D","Tundra",68.8642,70.3012,NA,0.0425,1.8,0.6,NA,NA,NA,NA,"small_lake","pond","pond","depth_1_5","depth_1_5",NA
"6556",16669,"LK-018",NA,"August","Summer","2019",NA,NA,NA,NA,NA,NA,NA,NA,NA,NA,NA,NA,NA,NA,NA,NA,NA,NA,NA,NA,NA,0.045,7.41,NA,NA,7.47,NA,NA,NA,NA,"LK-018",NA,"Lake","Arctic","Russia","D","Tundra",69.0061,70.2319,NA,0.1285,7.8,2.3,NA,NA,NA,NA,"small_lake","small_lake","small_lake","depth_5_15","depth_5_10",NA
"6557",16670,"LK-019",NA,"August","Summer","2019",NA,NA,NA,NA,NA,NA,NA,NA,NA,NA,NA,NA,NA,NA,NA,NA,NA,NA,NA,NA,NA,0.15,1.68,NA,NA,1.83,NA,NA,NA,NA,"LK-019",NA,"Lake","Arctic","Russia","D","Tundra",68.9951,70.2301,NA,0.1516,6.3,1.9,NA,NA,NA,NA,"small_lake","small_lake","small_lake","depth_5_15","depth_5_10",NA
"6558",16671,"LK-008",NA,"August","Summer","2019",NA,NA,NA,NA,NA,NA,NA,NA,NA,NA,NA,NA,NA,NA,NA,NA,NA,NA,NA,NA,NA,0.105,2.685,NA,NA,2.775,NA,NA,NA,NA,"LK-008",NA,"Lake","Arctic","Russia","D","Tundra",68.811,70.276,NA,0.4188,20.7,5.5,NA,NA,NA,NA,"medium_lake","small_lake","small_lake","depth_15","depth_10",NA
"6559",16672,"Pervoe",NA,"August","Summer","2018",NA,NA,NA,NA,NA,NA,NA,NA,NA,NA,NA,NA,NA,NA,NA,NA,NA,NA,NA,NA,NA,0.135,0.18,NA,NA,0.315,NA,NA,NA,NA,"Pervoe",NA,"Lake","Arctic","Russia","D","Tundra",68.86153,66.70786,NA,0.0011,3.1,2,NA,NA,NA,NA,"medium_pond","medium_pond","medium_pond","depth_1_5","depth_1_5",NA
"6560",16673,"Pitievoe",NA,"August","Summer","2018",NA,NA,NA,NA,NA,NA,NA,NA,NA,NA,NA,NA,NA,NA,NA,NA,NA,NA,NA,NA,NA,0.15,5.4,NA,NA,5.55,NA,NA,NA,NA,"Pitievoe",NA,"Lake","Arctic","Russia","D","Tundra",68.86177,66.71228,NA,0.002,NA,NA,NA,NA,NA,NA,"pond","medium_pond","medium_pond",NA,NA,NA
"6561",16674,"Dolinnoe",NA,"August","Summer","2018",NA,NA,NA,NA,NA,NA,NA,NA,NA,NA,NA,NA,NA,NA,NA,NA,NA,NA,NA,NA,NA,0.075,0.39,NA,NA,0.45,NA,NA,NA,NA,"Dolinnoe",NA,"Lake","Arctic","Russia","D","Tundra",68.86017,66.67236,NA,0.0192,2.4,1.8,NA,NA,NA,NA,"pond","pond","pond","depth_1_5","depth_1_5",NA
"6562",16675,"Khasyreinoe",NA,"August","Summer","2018",NA,NA,NA,NA,NA,NA,NA,NA,NA,NA,NA,NA,NA,NA,NA,NA,NA,NA,NA,NA,NA,0.135,1.425,NA,NA,1.56,NA,NA,NA,NA,"Khasyreinoe",NA,"Lake","Arctic","Russia","D","Tundra",68.85681,66.68729,NA,0.061,1.7,1.5,NA,NA,NA,NA,"small_lake","pond","small_lake","depth_1_5","depth_1_5",NA
"6563",16676,"Podsklonnoe",NA,"August","Summer","2018",NA,NA,NA,NA,NA,NA,NA,NA,NA,NA,NA,NA,NA,NA,NA,NA,NA,NA,NA,NA,NA,0.375,2.385,NA,NA,2.745,NA,NA,NA,NA,"Podsklonnoe",NA,"Lake","Arctic","Russia","D","Tundra",67.95109,67.54961,NA,4e-04,2,1.1,NA,NA,NA,NA,"medium_pond","small_pond","small_pond","depth_1_5","depth_1_5",NA
"6564",16677,"Ukho-Pravoe",NA,"August","Summer","2018",NA,NA,NA,NA,NA,NA,NA,NA,NA,NA,NA,NA,NA,NA,NA,NA,NA,NA,NA,NA,NA,0.6,45.36,NA,NA,45.945,NA,NA,NA,NA,"Ukho-Pravoe",NA,"Lake","Arctic","Russia","D","Tundra",67.95187,67.54285,NA,6e-04,1.6,NA,NA,NA,NA,NA,"medium_pond","small_pond","medium_pond","depth_1_5","depth_1_5",NA
"6565",16678,"Panda",NA,"August","Summer","2018",NA,NA,NA,NA,NA,NA,NA,NA,NA,NA,NA,NA,NA,NA,NA,NA,NA,NA,NA,NA,NA,0.12,27.75,NA,NA,27.87,NA,NA,NA,NA,"Panda",NA,"Lake","Arctic","Russia","D","Tundra",67.95123,67.54347,NA,0.0056,3.4,2.4,NA,NA,NA,NA,"pond","medium_pond","pond","depth_1_5","depth_1_5",NA
